MarriedID,MaritalStatusID,GenderID,EmpStatusID,DeptID,PerfScoreID,FromDiversityJobFairID,Salary,PositionID,Zip,ManagerID,EngagementSurvey,EmpSatisfaction,SpecialProjectsCount,DaysLateLast30,Absences,Termd
-0.8143105085150718,-0.8604341637777169,1.1417984514369004,-0.7771621660066818,0.35966694455984194,1.7445162494930782,-0.320681897575501,-0.25938220604696066,0.3467246657900884,-0.27222500435986363,0.941581901229054,0.6213019029082171,1.2220220333713983,-0.5195379544466607,-0.320937230017753,-1.5809788082395417,0
1.228032783002568,0.2014508558051004,1.1417984514369004,1.4556085834443853,-1.4891994977229803,0.03840130108947027,-0.320681897575501,1.4101007343621366,1.6342634247240297,-0.26108834942130554,-1.2302250551286897,1.0777686070856838,-0.9811597195474708,2.0383982539899326,-0.320937230017753,1.1572566772459991,1
1.228032783002568,0.2014508558051004,-0.8758113121817133,1.4556085834443853,0.35966694455984194,0.03840130108947027,-0.320681897575501,-0.1618752608021089,0.5076670106568311,-0.2811106333002025,0.7002700171893047,-1.3820797432039953,-0.9811597195474708,-0.5195379544466607,-0.320937230017753,-1.238699372553849,1
1.228032783002568,0.2014508558051004,-0.8758113121817133,-0.7771621660066818,0.35966694455984194,0.03840130108947027,-0.320681897575501,-0.16044192065151083,0.3467246657900884,-0.27660858130376414,0.2176462491098061,0.9256130390265281,1.2220220333713983,-0.5195379544466607,-0.320937230017753,0.8149772415603066,0
-0.8143105085150718,1.2633358753879178,-0.8758113121817133,1.4556085834443853,0.35966694455984194,0.03840130108947027,-0.320681897575501,-0.7244612699118498,0.3467246657900884,-0.2598443613696581,2.992732915566923,1.1284871297720689,0.12043115691196367,-0.5195379544466607,-0.320937230017753,-1.4098390903966955,1
-0.8143105085150718,-0.8604341637777169,-0.8758113121817133,-0.7771621660066818,0.35966694455984194,1.7445162494930782,-0.320681897575501,-0.4559886967039954,0.3467246657900884,-0.279096557407059,-0.3856334609895672,1.1284871297720689,1.2220220333713983,-0.5195379544466607,-0.320937230017753,0.8149772415603066,0
-0.8143105085150718,-0.8604341637777169,-0.8758113121817133,-0.7771621660066818,-0.5647662765815692,0.03840130108947027,-0.320681897575501,1.0606444426454915,1.1514363901238018,-0.26333937541952473,-0.5062894030094418,-1.3567204818608027,-0.9811597195474708,1.1857528511777349,-0.320937230017753,1.4995361129316918,0
-0.8143105085150718,3.3871059145535525,1.1417984514369004,-0.7771621660066818,0.35966694455984194,0.03840130108947027,-0.320681897575501,-0.38444113418664194,0.3467246657900884,-0.25806723558159034,0.5796140751694301,1.1284871297720689,0.12043115691196367,-0.5195379544466607,-0.320937230017753,1.4995361129316918,0
-0.8143105085150718,-0.8604341637777169,-0.8758113121817133,0.3392232087188518,0.35966694455984194,0.03840130108947027,3.1183550040100445,-0.8434285024114893,0.3467246657900884,-0.2756607808834613,-0.2649775189696925,0.4437870735058695,-0.9811597195474708,-0.5195379544466607,-0.320937230017753,-1.067559654711003,0
-0.8143105085150718,1.2633358753879178,1.1417984514369004,-0.7771621660066818,-1.4891994977229803,0.03840130108947027,-0.320681897575501,-0.7502215776184317,-0.45798705854362487,-0.27660858130376414,-0.8682572290690658,1.1284871297720689,1.2220220333713983,2.0383982539899326,-0.320937230017753,0.9861169594031529,0
1.228032783002568,0.2014508558051004,-0.8758113121817133,1.4556085834443853,0.35966694455984194,0.03840130108947027,3.1183550040100445,-0.5713725788271397,0.3467246657900884,-0.2756607808834613,-0.02366563492994321,0.11411667604436637,0.12043115691196367,-0.5195379544466607,-0.320937230017753,0.30155808803176765,1
1.228032783002568,0.2014508558051004,1.1417984514369004,1.4556085834443853,0.35966694455984194,0.03840130108947027,3.1183550040100445,-0.8683526950302223,0.3467246657900884,-0.26618277668043316,0.7002700171893047,0.11411667604436637,-0.9811597195474708,-0.5195379544466607,-0.320937230017753,0.8149772415603066,1
-0.8143105085150718,1.2633358753879178,1.1417984514369004,-0.7771621660066818,-1.4891994977229803,1.7445162494930782,3.1183550040100445,0.9279808487068039,-1.2626987828773382,4.245821124171116,-1.2302250551286897,0.21555372141713675,0.12043115691196367,1.612075552583834,-0.320937230017753,-0.21186106549677128,0
-0.8143105085150718,-0.8604341637777169,1.1417984514369004,-0.7771621660066818,0.35966694455984194,0.03840130108947027,-0.320681897575501,-0.41055977693087337,0.3467246657900884,-0.2811106333002025,0.4589581331495554,0.6213019029082171,0.12043115691196367,-0.5195379544466607,-0.320937230017753,-0.5541405011824639,0
-0.8143105085150718,1.2633358753879178,1.1417984514369004,1.4556085834443853,0.35966694455984194,0.03840130108947027,-0.320681897575501,-0.6575720628839401,0.3467246657900884,-0.22560507118621892,0.941581901229054,1.1284871297720689,1.2220220333713983,-0.5195379544466607,-0.320937230017753,-1.5809788082395417,1
-0.8143105085150718,-0.8604341637777169,1.1417984514369004,0.8974158960816185,0.35966694455984194,0.03840130108947027,-0.320681897575501,-0.44539790559124304,0.3467246657900884,-0.26689362699566027,0.4589581331495554,1.1284871297720689,0.12043115691196367,-0.5195379544466607,-0.320937230017753,1.6706758307745382,1
1.228032783002568,0.2014508558051004,-0.8758113121817133,-0.21896947864391497,0.35966694455984194,1.7445162494930782,-0.320681897575501,0.044207200850546344,0.5076670106568311,-0.2612660620001123,0.4589581331495554,0.3677092894762923,-0.9811597195474708,-0.5195379544466607,-0.320937230017753,0.9861169594031529,0
-0.8143105085150718,-0.8604341637777169,-0.8758113121817133,-0.7771621660066818,0.35966694455984194,0.03840130108947027,-0.320681897575501,-0.3979384206047737,0.3467246657900884,-0.2748906930419653,0.2176462491098061,1.1284871297720689,1.2220220333713983,-0.5195379544466607,-0.320937230017753,0.30155808803176765,0
-0.8143105085150718,-0.8604341637777169,-0.8758113121817133,0.8974158960816185,-1.4891994977229803,0.03840130108947027,-0.320681897575501,1.6315916026337212,-1.4236411277440808,-0.2683153276261145,-1.2302250551286897,0.4945055961922547,0.12043115691196367,1.612075552583834,-0.320937230017753,-0.38300078333961757,1
-0.8143105085150718,-0.8604341637777169,1.1417984514369004,0.3392232087188518,0.35966694455984194,0.03840130108947027,-0.320681897575501,-0.6279098847673967,0.3467246657900884,-0.24308014143555207,-1.7128488232081884,0.11411667604436637,0.12043115691196367,-0.5195379544466607,-0.320937230017753,0.47269780587461396,0
-0.8143105085150718,-0.8604341637777169,1.1417984514369004,-0.7771621660066818,0.35966694455984194,0.03840130108947027,-0.320681897575501,-0.7157417839957115,0.3467246657900884,-0.2655904014177439,-0.3856334609895672,1.1284871297720689,-0.9811597195474708,-0.5195379544466607,-0.320937230017753,0.47269780587461396,0
-0.8143105085150718,1.2633358753879178,-0.8758113121817133,-0.7771621660066818,0.35966694455984194,0.03840130108947027,-0.320681897575501,-0.16330860095270697,0.3467246657900884,-0.2682560900998456,0.5796140751694301,0.11411667604436637,-0.9811597195474708,-0.5195379544466607,-0.320937230017753,-1.4098390903966955,0
1.228032783002568,0.2014508558051004,-0.8758113121817133,-0.7771621660066818,0.35966694455984194,1.7445162494930782,-0.320681897575501,-0.2432969443569157,0.3467246657900884,-0.2680191399947699,-0.2649775189696925,1.1284871297720689,-0.9811597195474708,-0.5195379544466607,-0.320937230017753,1.4995361129316918,0
-0.8143105085150718,-0.8604341637777169,-0.8758113121817133,-0.7771621660066818,0.35966694455984194,-1.6677136473141376,-0.320681897575501,-0.10271016458575541,0.5076670106568311,-0.25972588631712024,0.941581901229054,-2.6754020717068165,-0.9811597195474708,-0.5195379544466607,1.2265275534786995,-1.238699372553849,0
-0.8143105085150718,-0.8604341637777169,-0.8758113121817133,1.4556085834443853,0.35966694455984194,0.03840130108947027,-0.320681897575501,-0.4461543906707253,0.5076670106568311,-0.25741562279263214,0.2176462491098061,0.874894516340143,1.2220220333713983,-0.5195379544466607,-0.320937230017753,-0.8964199368681566,1
-0.8143105085150718,-0.8604341637777169,1.1417984514369004,0.8974158960816185,-1.4891994977229803,0.03840130108947027,-0.320681897575501,1.3772931709151142,2.117090459324258,-0.03095055986652833,-1.2302250551286897,-0.7734574709673737,1.2220220333713983,2.4647209553960314,-0.320937230017753,-1.4098390903966955,1
1.228032783002568,0.2014508558051004,-0.8758113121817133,-0.7771621660066818,-3.3380659400058024,0.03840130108947027,3.1183550040100445,1.4869436924358663,1.473321079857287,-0.24213234101524925,-1.3508809971485645,1.1284871297720689,0.12043115691196367,0.759430149771636,-0.320937230017753,-1.067559654711003,0
-0.8143105085150718,-0.8604341637777169,1.1417984514369004,1.4556085834443853,0.35966694455984194,0.03840130108947027,-0.320681897575501,0.2106737333408384,0.1857823209233458,-0.27572001840973026,-1.4715369391684392,-0.9129334083549328,-0.9811597195474708,-0.5195379544466607,-0.320937230017753,0.6438375237174603,1
1.228032783002568,0.2014508558051004,-0.8758113121817133,1.4556085834443853,0.35966694455984194,0.03840130108947027,-0.320681897575501,-0.6182746537550431,0.3467246657900884,-0.2875675236635154,-0.02366563492994321,-0.9636519310413179,0.12043115691196367,-0.5195379544466607,-0.320937230017753,-0.7252802190253103,1
1.228032783002568,0.2014508558051004,-0.8758113121817133,-0.7771621660066818,-3.3380659400058024,0.03840130108947027,3.1183550040100445,-0.23971359398042055,-2.5502375418112795,-0.30243614275701586,-1.5921928811883137,0.4945055961922547,-2.0827505960069055,2.0383982539899326,-0.320937230017753,0.6438375237174603,0
-0.8143105085150718,-0.8604341637777169,1.1417984514369004,-0.7771621660066818,0.35966694455984194,0.03840130108947027,-0.320681897575501,-0.14861686440907682,0.5076670106568311,-0.3283229417365365,-1.7128488232081884,-1.1665260217868587,-0.9811597195474708,-0.5195379544466607,-0.320937230017753,-0.21186106549677128,0
-0.8143105085150718,2.325220894970735,-0.8758113121817133,0.3392232087188518,0.35966694455984194,0.03840130108947027,3.1183550040100445,-0.18496796322841108,0.3467246657900884,-0.26730828967954273,0.7002700171893047,-0.7734574709673737,1.2220220333713983,-0.5195379544466607,-0.320937230017753,1.1572566772459991,0
1.228032783002568,0.2014508558051004,-0.8758113121817133,1.4556085834443853,1.284100165701253,0.03840130108947027,-0.320681897575501,0.2112311433994043,-2.228352852077794,0.9060686306553419,0.33830219112968074,-1.2299241751448398,1.2220220333713983,-0.5195379544466607,0.4527951617304732,1.4995361129316918,1
-0.8143105085150718,-0.8604341637777169,-0.8758113121817133,-0.7771621660066818,0.35966694455984194,0.03840130108947027,-0.320681897575501,-0.20933474578857822,0.5076670106568311,-0.26108834942130554,-0.3856334609895672,0.5071852268638507,0.12043115691196367,-0.5195379544466607,-0.320937230017753,-1.238699372553849,0
1.228032783002568,0.2014508558051004,1.1417984514369004,-0.7771621660066818,0.35966694455984194,0.03840130108947027,-0.320681897575501,-0.27307856748600884,0.5076670106568311,-0.2763716311986884,0.5796140751694301,-1.0904482377572808,1.2220220333713983,-0.5195379544466607,-0.320937230017753,0.8149772415603066,0
-0.8143105085150718,-0.8604341637777169,1.1417984514369004,-0.7771621660066818,-0.5647662765815692,0.03840130108947027,-0.320681897575501,0.34524844748032346,1.3123787349905445,-0.2589557984756242,-1.1095691131088152,-0.3423500281331003,-0.9811597195474708,1.612075552583834,-0.320937230017753,-1.067559654711003,0
-0.8143105085150718,-0.8604341637777169,1.1417984514369004,-0.7771621660066818,0.35966694455984194,1.7445162494930782,-0.320681897575501,0.1441030463463949,0.1857823209233458,-0.2598443613696581,-1.4715369391684392,1.1284871297720689,-0.9811597195474708,-0.5195379544466607,-0.320937230017753,0.6438375237174603,0
-0.8143105085150718,-0.8604341637777169,-0.8758113121817133,-0.7771621660066818,-0.5647662765815692,0.03840130108947027,-0.320681897575501,0.9705032731745464,1.1514363901238018,-0.26203614984160833,-0.5062894030094418,1.0777686070856838,0.12043115691196367,2.0383982539899326,-0.320937230017753,-1.238699372553849,0
-0.8143105085150718,-0.8604341637777169,1.1417984514369004,-0.7771621660066818,0.35966694455984194,0.03840130108947027,-0.320681897575501,-0.6439951464574417,0.3467246657900884,-0.2875675236635154,0.4589581331495554,0.40574818149108033,-0.9811597195474708,-0.5195379544466607,-0.320937230017753,0.6438375237174603,0
-0.8143105085150718,-0.8604341637777169,-0.8758113121817133,-0.21896947864391497,-1.4891994977229803,0.03840130108947027,-0.320681897575501,1.2346758259306068,1.6342634247240297,-0.27660858130376414,-1.2302250551286897,1.1284871297720689,1.2220220333713983,2.0383982539899326,-0.320937230017753,-0.5541405011824639,0
-0.8143105085150718,-0.8604341637777169,-0.8758113121817133,-0.7771621660066818,1.284100165701253,0.03840130108947027,-0.320681897575501,0.1130473430834368,-2.228352852077794,-0.052809207059762,0.33830219112968074,1.1284871297720689,1.2220220333713983,-0.5195379544466607,-0.320937230017753,-0.5541405011824639,0
-0.8143105085150718,-0.8604341637777169,-0.8758113121817133,-0.7771621660066818,0.35966694455984194,0.03840130108947027,-0.320681897575501,-0.29322495960274836,0.3467246657900884,-0.2246572707659161,0.941581901229054,1.1284871297720689,0.12043115691196367,-0.5195379544466607,-0.320937230017753,0.13041837018892133,0
1.228032783002568,0.2014508558051004,1.1417984514369004,-0.7771621660066818,-1.4891994977229803,0.03840130108947027,-0.320681897575501,1.668579741519988,-1.9064681623443087,-0.2671898146270049,-1.1095691131088152,0.4945055961922547,1.2220220333713983,2.4647209553960314,-0.320937230017753,-0.38300078333961757,0
-0.8143105085150718,-0.8604341637777169,-0.8758113121817133,-0.7771621660066818,0.35966694455984194,0.03840130108947027,-0.320681897575501,-0.5886124756384997,0.3467246657900884,-0.25978512384338914,0.2176462491098061,-1.0270500843992996,0.12043115691196367,-0.5195379544466607,-0.320937230017753,0.13041837018892133,0
-0.8143105085150718,-0.8604341637777169,1.1417984514369004,-0.7771621660066818,0.35966694455984194,0.03840130108947027,-0.320681897575501,-0.3440289049406131,0.3467246657900884,-0.2790373198807901,-1.7128488232081884,-0.39306855081948544,1.2220220333713983,-0.5195379544466607,-0.320937230017753,-1.067559654711003,0
-0.8143105085150718,-0.8604341637777169,1.1417984514369004,-0.7771621660066818,1.284100165701253,0.03840130108947027,-0.320681897575501,-0.0880980580504918,-2.228352852077794,4.244458661066931,0.8209259592091794,-1.4074390045471878,1.2220220333713983,-0.5195379544466607,-0.320937230017753,1.1572566772459991,0
-0.8143105085150718,-0.8604341637777169,-0.8758113121817133,1.4556085834443853,0.35966694455984194,0.03840130108947027,-0.320681897575501,-0.16860399650908317,0.3467246657900884,-0.2831839467196149,-0.3856334609895672,0.24091298276032877,0.12043115691196367,-0.5195379544466607,-0.320937230017753,-1.238699372553849,1
-0.8143105085150718,-0.8604341637777169,-0.8758113121817133,-0.7771621660066818,0.35966694455984194,0.03840130108947027,-0.320681897575501,-0.16740954638358477,0.3467246657900884,-0.2672490521532738,0.5796140751694301,-0.6720204255946034,1.2220220333713983,-0.5195379544466607,-0.320937230017753,-1.238699372553849,0
-0.8143105085150718,-0.8604341637777169,1.1417984514369004,-0.7771621660066818,-1.4891994977229803,0.03840130108947027,-0.320681897575501,-0.013644000227758926,-0.45798705854362487,-0.25978512384338914,-0.9889131710889405,0.7480982096241806,-0.9811597195474708,2.0383982539899326,-0.320937230017753,-1.4098390903966955,0
1.228032783002568,0.2014508558051004,-0.8758113121817133,1.4556085834443853,0.35966694455984194,0.03840130108947027,-0.320681897575501,-0.19727079952104448,0.5076670106568311,-0.2845464098238002,-0.2649775189696925,0.11411667604436637,1.2220220333713983,-0.5195379544466607,-0.320937230017753,-0.21186106549677128,1
1.228032783002568,0.2014508558051004,1.1417984514369004,1.4556085834443853,0.35966694455984194,0.03840130108947027,-0.320681897575501,-0.38428187416990883,0.5076670106568311,-0.2598443613696581,-0.02366563492994321,0.11411667604436637,0.12043115691196367,-0.5195379544466607,-0.320937230017753,-0.7252802190253103,1
1.228032783002568,0.2014508558051004,1.1417984514369004,-0.21896947864391497,0.35966694455984194,1.7445162494930782,-0.320681897575501,-0.7424576518026922,0.3467246657900884,-0.2619176747890705,-0.2649775189696925,-0.01267963067159714,0.12043115691196367,-0.5195379544466607,-0.320937230017753,-0.8964199368681566,0
-0.8143105085150718,-0.8604341637777169,1.1417984514369004,-0.7771621660066818,0.35966694455984194,0.03840130108947027,-0.320681897575501,-0.23541357352862635,0.3467246657900884,-0.24308014143555207,-0.02366563492994321,0.3677092894762923,1.2220220333713983,-0.5195379544466607,-0.320937230017753,-1.238699372553849,0
-0.8143105085150718,-0.8604341637777169,1.1417984514369004,0.8974158960816185,0.35966694455984194,-1.6677136473141376,-0.320681897575501,-0.3932402501111467,0.3467246657900884,-0.2769640064613777,0.7002700171893047,-2.6754020717068165,-0.9811597195474708,-0.5195379544466607,3.547724728723378,0.9861169594031529,1
-0.8143105085150718,1.2633358753879178,1.1417984514369004,-0.7771621660066818,0.35966694455984194,-1.6677136473141376,-0.320681897575501,-0.03860800785067524,0.1857823209233458,-0.281525295984085,-1.4715369391684392,0.025359261343192028,-2.0827505960069055,-0.5195379544466607,2.0002599452269254,-1.238699372553849,0
-0.8143105085150718,-0.8604341637777169,1.1417984514369004,-0.7771621660066818,0.35966694455984194,1.7445162494930782,-0.320681897575501,4.040399355722138,-1.1017564380105955,-0.2680783775210388,-1.4715369391684392,-0.5198648575354479,1.2220220333713983,-0.5195379544466607,-0.320937230017753,0.8149772415603066,0
1.228032783002568,0.2014508558051004,-0.8758113121817133,-0.7771621660066818,0.35966694455984194,0.03840130108947027,-0.320681897575501,-0.22454407738659102,0.3467246657900884,-0.2586596108442796,0.4589581331495554,0.7861371016389698,1.2220220333713983,-0.5195379544466607,-0.320937230017753,-0.7252802190253103,0
1.228032783002568,0.2014508558051004,1.1417984514369004,-0.7771621660066818,-1.4891994977229803,0.03840130108947027,-0.320681897575501,0.578564371994342,-1.2626987828773382,-0.2811106333002025,-1.2302250551286897,-1.3567204818608027,-0.9811597195474708,2.0383982539899326,-0.320937230017753,-1.4098390903966955,0
-0.8143105085150718,-0.8604341637777169,-0.8758113121817133,-0.21896947864391497,0.35966694455984194,0.03840130108947027,-0.320681897575501,-0.5124861876400691,0.3467246657900884,-0.28045902051124433,0.941581901229054,0.012679630671596014,1.2220220333713983,-0.5195379544466607,-0.320937230017753,0.8149772415603066,0
-0.8143105085150718,-0.8604341637777169,1.1417984514369004,-0.7771621660066818,-1.4891994977229803,0.03840130108947027,-0.320681897575501,0.9280206637109871,1.7952057695907724,-0.01643736593064148,-0.8682572290690658,1.1284871297720689,-0.9811597195474708,1.1857528511777349,-0.320937230017753,-0.8964199368681566,0
-0.8143105085150718,-0.8604341637777169,-0.8758113121817133,-0.7771621660066818,1.284100165701253,0.03840130108947027,-0.320681897575501,-0.1310584475642505,0.6686093555235738,-0.06412357457712685,0.09699030708993145,0.6466611642514102,0.12043115691196367,-0.5195379544466607,-0.320937230017753,-0.38300078333961757,0
1.228032783002568,0.2014508558051004,-0.8758113121817133,0.3392232087188518,-1.4891994977229803,0.03840130108947027,-0.320681897575501,0.6373313181688627,1.7952057695907724,-0.03095055986652833,-0.8682572290690658,-1.280642697831225,1.2220220333713983,2.8910436568021303,-0.320937230017753,1.4995361129316918,0
1.228032783002568,0.2014508558051004,-0.8758113121817133,-0.7771621660066818,0.35966694455984194,0.03840130108947027,-0.320681897575501,-0.4553914716412462,0.3467246657900884,-0.26333937541952473,0.2176462491098061,1.1284871297720689,-0.9811597195474708,-0.5195379544466607,-0.320937230017753,-1.5809788082395417,0
-0.8143105085150718,-0.8604341637777169,1.1417984514369004,-0.7771621660066818,0.35966694455984194,0.03840130108947027,-0.320681897575501,-0.5067130120334936,0.5076670106568311,-0.2427247162779385,0.7002700171893047,-0.19019446007394472,0.12043115691196367,-0.5195379544466607,-0.320937230017753,-0.7252802190253103,0
1.228032783002568,0.2014508558051004,1.1417984514369004,-0.7771621660066818,1.284100165701253,-3.3738285957177454,-0.320681897575501,-0.4789619541177477,0.3467246657900884,-0.2616807246839948,-0.2649775189696925,0.24091298276032877,0.12043115691196367,0.759430149771636,1.2265275534786995,-1.4098390903966955,0
1.228032783002568,0.2014508558051004,1.1417984514369004,1.4556085834443853,0.35966694455984194,0.03840130108947027,-0.320681897575501,-0.5294871944263295,0.3467246657900884,-0.2811106333002025,2.992732915566923,1.1284871297720689,0.12043115691196367,-0.5195379544466607,-0.320937230017753,0.6438375237174603,1
-0.8143105085150718,-0.8604341637777169,-0.8758113121817133,-0.7771621660066818,-0.5647662765815692,0.03840130108947027,-0.320681897575501,1.2811797508166773,1.1514363901238018,-0.2594296986857756,-0.5062894030094418,-0.40574818149108144,1.2220220333713983,1.612075552583834,-0.320937230017753,-0.38300078333961757,0
-0.8143105085150718,-0.8604341637777169,1.1417984514369004,-0.7771621660066818,1.284100165701253,-3.3738285957177454,-0.320681897575501,-0.29672867997087693,-2.228352852077794,1.7445758149919885,0.33830219112968074,-2.7641594864079906,-0.9811597195474708,-0.5195379544466607,4.321457120471604,-0.8964199368681566,0
-0.8143105085150718,2.325220894970735,-0.8758113121817133,1.4556085834443853,0.35966694455984194,0.03840130108947027,-0.320681897575501,-0.4278394887464167,0.5076670106568311,-0.249537031798865,0.4589581331495554,0.6466611642514102,1.2220220333713983,-0.5195379544466607,-0.320937230017753,-1.5809788082395417,1
1.228032783002568,0.2014508558051004,1.1417984514369004,-0.7771621660066818,0.35966694455984194,-3.3738285957177454,-0.320681897575501,-0.6303386000225768,0.3467246657900884,-0.26624201420670207,-0.3856334609895672,-3.7912095708072893,-2.0827505960069055,-0.5195379544466607,2.773992336975152,-0.21186106549677128,0
-0.8143105085150718,-0.8604341637777169,1.1417984514369004,-0.7771621660066818,-1.4891994977229803,0.03840130108947027,-0.320681897575501,1.1068298474980958,-2.0674105072110516,-0.2671898146270049,-0.14432157694981787,-1.394759373875592,1.2220220333713983,2.4647209553960314,-0.320937230017753,0.8149772415603066,0
-0.8143105085150718,-0.8604341637777169,1.1417984514369004,-0.7771621660066818,0.35966694455984194,0.03840130108947027,-0.320681897575501,-0.7071815580963065,0.3467246657900884,-0.2591927485806999,0.5796140751694301,0.24091298276032877,0.12043115691196367,-0.5195379544466607,-0.320937230017753,-1.5809788082395417,0
-0.8143105085150718,-0.8604341637777169,-0.8758113121817133,-0.7771621660066818,1.284100165701253,-3.3738285957177454,-0.320681897575501,-0.3897763447472014,-2.228352852077794,5.4200273698737655,0.33830219112968074,-2.295013151558928,-3.1843414724663397,-0.5195379544466607,1.2265275534786995,1.1572566772459991,0
1.228032783002568,0.2014508558051004,-0.8758113121817133,-0.7771621660066818,0.35966694455984194,-1.6677136473141376,-0.320681897575501,-0.2960916399039445,0.3467246657900884,-0.24906313158871357,-0.2649775189696925,-0.29163150544671507,0.12043115691196367,-0.5195379544466607,-0.320937230017753,-0.7252802190253103,0
-0.8143105085150718,-0.8604341637777169,-0.8758113121817133,-0.7771621660066818,0.35966694455984194,0.03840130108947027,-0.320681897575501,-0.9032306386947753,0.3467246657900884,-0.26245081252549085,-0.02366563492994321,-0.9002537776833367,1.2220220333713983,-0.5195379544466607,-0.320937230017753,0.8149772415603066,0
1.228032783002568,0.2014508558051004,-0.8758113121817133,-0.7771621660066818,-1.4891994977229803,0.03840130108947027,-0.320681897575501,0.06371655290035336,-0.45798705854362487,-0.2628062376831044,-0.8682572290690658,0.0,0.12043115691196367,2.0383982539899326,-0.320937230017753,0.9861169594031529,0
-0.8143105085150718,-0.8604341637777169,1.1417984514369004,-0.7771621660066818,-1.4891994977229803,1.7445162494930782,-0.320681897575501,2.7817674434803026,-0.6189294034103675,-0.27660858130376414,-1.1095691131088152,0.24091298276032877,1.2220220333713983,1.612075552583834,-0.320937230017753,-1.067559654711003,0
-0.8143105085150718,-0.8604341637777169,-0.8758113121817133,-0.7771621660066818,1.284100165701253,1.7445162494930782,-0.320681897575501,0.20784686804382554,-2.228352852077794,4.943461471040257,0.8209259592091794,0.8368556243253538,1.2220220333713983,-0.5195379544466607,-0.320937230017753,0.6438375237174603,0
-0.8143105085150718,-0.8604341637777169,-0.8758113121817133,-0.7771621660066818,0.35966694455984194,0.03840130108947027,-0.320681897575501,0.24555167700539132,0.1857823209233458,-0.28579039787544763,-1.4715369391684392,0.5198648575354468,0.12043115691196367,-0.5195379544466607,-0.320937230017753,-1.067559654711003,0
1.228032783002568,0.2014508558051004,-0.8758113121817133,-0.7771621660066818,0.35966694455984194,0.03840130108947027,-0.320681897575501,-0.25906368601349444,0.3467246657900884,-0.28472412240260697,0.5796140751694301,-1.5342353112631508,-0.9811597195474708,-0.5195379544466607,-0.320937230017753,-0.7252802190253103,0
1.228032783002568,0.2014508558051004,-0.8758113121817133,1.4556085834443853,0.35966694455984194,0.03840130108947027,-0.320681897575501,-0.35637155623742983,0.3467246657900884,-0.249537031798865,0.7002700171893047,1.1284871297720689,-0.9811597195474708,-0.5195379544466607,-0.320937230017753,-0.5541405011824639,1
-0.8143105085150718,-0.8604341637777169,1.1417984514369004,-0.7771621660066818,0.35966694455984194,0.03840130108947027,-0.320681897575501,-0.8015829330148624,0.3467246657900884,-0.2683153276261145,0.4589581331495554,0.7480982096241806,1.2220220333713983,-0.5195379544466607,-0.320937230017753,-0.38300078333961757,0
1.228032783002568,0.2014508558051004,1.1417984514369004,-0.7771621660066818,0.35966694455984194,0.03840130108947027,-0.320681897575501,-0.5867013554377023,0.3467246657900884,-0.2671898146270049,0.4589581331495554,0.11411667604436637,-0.9811597195474708,-0.5195379544466607,-0.320937230017753,-1.238699372553849,0
-0.8143105085150718,2.325220894970735,-0.8758113121817133,-0.7771621660066818,0.35966694455984194,-3.3738285957177454,-0.320681897575501,-0.48469531472014,0.5076670106568311,-0.2619769123153394,0.941581901229054,-1.4074390045471878,-3.1843414724663397,-0.5195379544466607,1.2265275534786995,-0.8964199368681566,0
-0.8143105085150718,-0.8604341637777169,1.1417984514369004,0.8974158960816185,0.35966694455984194,-1.6677136473141376,-0.320681897575501,-0.3456215051079443,0.3467246657900884,-0.2622138624204151,0.941581901229054,1.1284871297720689,0.12043115691196367,-0.5195379544466607,3.547724728723378,0.9861169594031529,1
-0.8143105085150718,-0.8604341637777169,-0.8758113121817133,0.8974158960816185,0.35966694455984194,-1.6677136473141376,-0.320681897575501,-0.3940365501948123,0.3467246657900884,-0.2427247162779385,0.2176462491098061,-2.295013151558928,-0.9811597195474708,-0.5195379544466607,3.547724728723378,1.4995361129316918,1
1.228032783002568,0.2014508558051004,-0.8758113121817133,0.8974158960816185,-0.5647662765815692,-1.6677136473141376,-0.320681897575501,1.2047747577889636,1.1514363901238018,-0.28472412240260697,-0.5062894030094418,-2.5486057649908536,1.2220220333713983,1.1857528511777349,2.773992336975152,1.4995361129316918,1
1.228032783002568,0.2014508558051004,-0.8758113121817133,-0.7771621660066818,0.35966694455984194,0.03840130108947027,-0.320681897575501,0.1097028827320413,0.5076670106568311,-0.28028130793243755,0.2176462491098061,0.3677092894762923,1.2220220333713983,-0.5195379544466607,-0.320937230017753,1.1572566772459991,0
-0.8143105085150718,-0.8604341637777169,-0.8758113121817133,-0.7771621660066818,0.35966694455984194,0.03840130108947027,-0.320681897575501,-0.12417045184054312,0.5076670106568311,-0.25066254479797456,-1.7128488232081884,-0.13947593738755953,0.12043115691196367,-0.5195379544466607,-0.320937230017753,-0.5541405011824639,0
1.228032783002568,0.2014508558051004,-0.8758113121817133,1.4556085834443853,0.35966694455984194,0.03840130108947027,-0.320681897575501,-0.4488219959510051,0.3467246657900884,-0.2594296986857756,2.992732915566923,-1.2426038058164364,-0.9811597195474708,-0.5195379544466607,-0.320937230017753,0.9861169594031529,1
1.228032783002568,0.2014508558051004,1.1417984514369004,-0.7771621660066818,0.35966694455984194,-3.3738285957177454,-0.320681897575501,-0.197629134558694,0.3467246657900884,-0.26203614984160833,-0.3856334609895672,-3.2333058212570527,1.2220220333713983,-0.5195379544466607,4.321457120471604,0.8149772415603066,0
-0.8143105085150718,-0.8604341637777169,1.1417984514369004,-0.7771621660066818,-1.4891994977229803,-3.3738285957177454,-0.320681897575501,-0.6232913442821363,-0.2970447136768822,-0.2616807246839948,-0.8682572290690658,-3.689772525434519,-0.9811597195474708,2.0383982539899326,2.0002599452269254,-1.4098390903966955,0
1.228032783002568,0.2014508558051004,-0.8758113121817133,-0.7771621660066818,0.35966694455984194,0.03840130108947027,-0.320681897575501,-0.4176866626796804,0.3467246657900884,-0.2606736867374231,-0.2649775189696925,1.1284871297720689,1.2220220333713983,-0.5195379544466607,-0.320937230017753,1.4995361129316918,0
-0.8143105085150718,-0.8604341637777169,1.1417984514369004,1.4556085834443853,0.35966694455984194,0.03840130108947027,-0.320681897575501,0.14286878121671323,0.5076670106568311,-0.2613845370526502,-0.3856334609895672,0.8241759936537578,1.2220220333713983,-0.5195379544466607,-0.320937230017753,1.6706758307745382,1
1.228032783002568,0.2014508558051004,-0.8758113121817133,1.4556085834443853,0.35966694455984194,0.03840130108947027,-0.320681897575501,-0.5198121484097926,0.5076670106568311,-0.25978512384338914,0.5796140751694301,-0.570583380221833,-0.9811597195474708,-0.5195379544466607,-0.320937230017753,-0.7252802190253103,1
1.228032783002568,0.2014508558051004,1.1417984514369004,-0.7771621660066818,1.284100165701253,0.03840130108947027,-0.320681897575501,0.046436841084810006,-2.228352852077794,-0.250307119640361,0.8209259592091794,-2.6754020717068165,1.2220220333713983,-0.5195379544466607,2.773992336975152,-0.5541405011824639,1
-0.8143105085150718,-0.8604341637777169,1.1417984514369004,-0.7771621660066818,-1.4891994977229803,1.7445162494930782,-0.320681897575501,4.339011887096735,-0.7798717482771101,-0.30184376749432656,-1.1095691131088152,1.1284871297720689,1.2220220333713983,1.612075552583834,-0.320937230017753,0.8149772415603066,0
1.228032783002568,0.2014508558051004,-0.8758113121817133,-0.7771621660066818,-3.3380659400058024,0.03840130108947027,-0.320681897575501,1.2076016230859765,1.473321079857287,-0.26689362699566027,-0.6269453450293165,1.1284871297720689,-0.9811597195474708,0.3331074483655371,-0.320937230017753,-1.238699372553849,0
-0.8143105085150718,-0.8604341637777169,1.1417984514369004,-0.7771621660066818,1.284100165701253,0.03840130108947027,-0.320681897575501,-0.07046001119729893,-2.228352852077794,-0.029943521919956587,0.8209259592091794,0.24091298276032877,-0.9811597195474708,-0.5195379544466607,1.2265275534786995,-0.5541405011824639,0
-0.8143105085150718,-0.8604341637777169,-0.8758113121817133,-0.7771621660066818,-1.4891994977229803,0.03840130108947027,-0.320681897575501,-0.13193437765628266,-0.45798705854362487,-0.03053589718264585,-0.9889131710889405,0.7480982096241806,0.12043115691196367,1.612075552583834,-0.320937230017753,-1.5809788082395417,0
-0.8143105085150718,-0.8604341637777169,1.1417984514369004,-0.7771621660066818,0.35966694455984194,0.03840130108947027,-0.320681897575501,-0.6677647039548597,0.3467246657900884,-0.2754830683046545,-0.02366563492994321,0.4945055961922547,-0.9811597195474708,-0.5195379544466607,-0.320937230017753,-0.8964199368681566,0
-0.8143105085150718,-0.8604341637777169,-0.8758113121817133,-0.7771621660066818,0.35966694455984194,0.03840130108947027,-0.320681897575501,-0.6310552700978759,0.3467246657900884,-0.26268776263056653,0.4589581331495554,0.11411667604436637,0.12043115691196367,-0.5195379544466607,-0.320937230017753,0.30155808803176765,0
1.228032783002568,0.2014508558051004,-0.8758113121817133,-0.7771621660066818,0.35966694455984194,0.03840130108947027,-0.320681897575501,-0.7040759877700107,0.3467246657900884,-0.2612660620001123,0.941581901229054,-0.4818259655206592,-0.9811597195474708,-0.5195379544466607,-0.320937230017753,1.4995361129316918,0
-0.8143105085150718,1.2633358753879178,-0.8758113121817133,1.4556085834443853,0.35966694455984194,0.03840130108947027,3.1183550040100445,-0.6973870670672196,0.3467246657900884,-0.250307119640361,0.2176462491098061,0.16483519873075156,0.12043115691196367,-0.5195379544466607,-0.320937230017753,-1.4098390903966955,1
-0.8143105085150718,3.3871059145535525,-0.8758113121817133,0.8974158960816185,1.284100165701253,0.03840130108947027,-0.320681897575501,-0.3842420591657255,-2.228352852077794,2.1618449500303027,0.33830219112968074,-0.17751482940234814,0.12043115691196367,-0.5195379544466607,-0.320937230017753,-0.5541405011824639,1
1.228032783002568,0.2014508558051004,1.1417984514369004,1.4556085834443853,0.35966694455984194,-1.6677136473141376,3.1183550040100445,-0.5609012327269371,0.3467246657900884,-0.26618277668043316,2.992732915566923,-0.17751482940234814,0.12043115691196367,-0.5195379544466607,2.0002599452269254,0.8149772415603066,1
-0.8143105085150718,-0.8604341637777169,-0.8758113121817133,-0.7771621660066818,0.35966694455984194,1.7445162494930782,-0.320681897575501,-0.4461543906707253,0.3467246657900884,-0.24313937896182097,-0.3856334609895672,-0.26627224410352246,0.12043115691196367,-0.5195379544466607,-0.320937230017753,-1.238699372553849,0
-0.8143105085150718,-0.8604341637777169,-0.8758113121817133,-0.7771621660066818,1.284100165701253,0.03840130108947027,-0.320681897575501,-0.2972462750252596,-2.228352852077794,2.348680107882495,0.8209259592091794,0.4945055961922547,1.2220220333713983,-0.5195379544466607,-0.320937230017753,1.6706758307745382,0
-0.8143105085150718,-0.8604341637777169,-0.8758113121817133,0.8974158960816185,-1.4891994977229803,0.03840130108947027,-0.320681897575501,1.8227036227134632,-1.4236411277440808,-0.262332337472953,-1.2302250551286897,0.6213019029082171,0.12043115691196367,1.1857528511777349,-0.320937230017753,-0.04072134765392497,1
1.228032783002568,0.2014508558051004,1.1417984514369004,-0.7771621660066818,-1.4891994977229803,0.03840130108947027,-0.320681897575501,0.225285839876102,-0.45798705854362487,-0.26185843726280156,-0.8682572290690658,0.24091298276032877,1.2220220333713983,2.4647209553960314,-0.320937230017753,1.6706758307745382,0
-0.8143105085150718,-0.8604341637777169,-0.8758113121817133,-0.7771621660066818,0.35966694455984194,0.03840130108947027,-0.320681897575501,-0.6371469657379176,0.3467246657900884,-0.24313937896182097,0.5796140751694301,0.24091298276032877,1.2220220333713983,-0.5195379544466607,-0.320937230017753,-0.5541405011824639,0
-0.8143105085150718,1.2633358753879178,1.1417984514369004,-0.7771621660066818,0.35966694455984194,1.7445162494930782,3.1183550040100445,-0.36345862698205356,0.3467246657900884,-0.26345785047206255,-0.2649775189696925,0.4945055961922547,0.12043115691196367,-0.5195379544466607,-0.320937230017753,-1.5809788082395417,0
1.228032783002568,0.2014508558051004,1.1417984514369004,1.4556085834443853,0.35966694455984194,-3.3738285957177454,3.1183550040100445,-0.0048846993074374125,0.5076670106568311,-0.2622730999466841,-0.2649775189696925,-1.4074390045471878,-0.9811597195474708,-0.5195379544466607,2.0002599452269254,-0.04072134765392497,1
-0.8143105085150718,2.325220894970735,-0.8758113121817133,-0.7771621660066818,-1.4891994977229803,0.03840130108947027,-0.320681897575501,-0.3097083713346261,-0.45798705854362487,-0.24189539091017354,-0.8682572290690658,0.6339815335798142,0.12043115691196367,1.612075552583834,-0.320937230017753,0.13041837018892133,0
1.228032783002568,0.2014508558051004,-0.8758113121817133,0.3392232087188518,0.35966694455984194,0.03840130108947027,-0.320681897575501,-0.08742120297937604,0.5076670106568311,-0.27660858130376414,-0.02366563492994321,0.6213019029082171,-0.9811597195474708,-0.5195379544466607,-0.320937230017753,1.6706758307745382,0
1.228032783002568,0.2014508558051004,1.1417984514369004,-0.7771621660066818,0.35966694455984194,0.03840130108947027,-0.320681897575501,-0.82559138053738,0.3467246657900884,-0.2598443613696581,-0.02366563492994321,1.1284871297720689,-0.9811597195474708,-0.5195379544466607,-0.320937230017753,-1.4098390903966955,0
-0.8143105085150718,2.325220894970735,-0.8758113121817133,0.3392232087188518,0.35966694455984194,0.03840130108947027,-0.320681897575501,-0.11433614580727305,0.5076670106568311,-0.28028130793243755,0.7002700171893047,0.3677092894762923,1.2220220333713983,-0.5195379544466607,-0.320937230017753,-1.5809788082395417,0
1.228032783002568,0.2014508558051004,-0.8758113121817133,0.3392232087188518,0.35966694455984194,0.03840130108947027,-0.320681897575501,-0.7869310114754156,0.3467246657900884,-0.2779118068816805,0.7002700171893047,-0.01267963067159714,1.2220220333713983,-0.5195379544466607,-0.320937230017753,-1.238699372553849,0
-0.8143105085150718,1.2633358753879178,1.1417984514369004,-0.7771621660066818,0.35966694455984194,0.03840130108947027,-0.320681897575501,-0.24142563916030158,0.1857823209233458,-0.2845464098238002,-1.4715369391684392,0.6593407949230062,-0.9811597195474708,-0.5195379544466607,-0.320937230017753,-1.4098390903966955,0
-0.8143105085150718,1.2633358753879178,-0.8758113121817133,1.4556085834443853,0.35966694455984194,0.03840130108947027,-0.320681897575501,-0.20734399557941421,0.3467246657900884,-0.2594296986857756,0.4589581331495554,1.1284871297720689,1.2220220333713983,-0.5195379544466607,-0.320937230017753,1.1572566772459991,1
1.228032783002568,0.2014508558051004,1.1417984514369004,-0.7771621660066818,-1.4891994977229803,0.03840130108947027,-0.320681897575501,1.1944228567013109,-2.0674105072110516,-0.2619176747890705,-0.14432157694981787,0.11411667604436637,1.2220220333713983,1.612075552583834,-0.320937230017753,-0.38300078333961757,0
-0.8143105085150718,-0.8604341637777169,1.1417984514369004,1.4556085834443853,1.284100165701253,0.03840130108947027,-0.320681897575501,0.10695564744339502,-2.228352852077794,1.8110995569919923,0.33830219112968074,0.4945055961922547,1.2220220333713983,-0.5195379544466607,-0.320937230017753,1.6706758307745382,1
1.228032783002568,0.2014508558051004,-0.8758113121817133,-0.7771621660066818,0.35966694455984194,0.03840130108947027,-0.320681897575501,-0.5650818081661815,0.3467246657900884,-0.262332337472953,0.941581901229054,0.11411667604436637,0.12043115691196367,-0.5195379544466607,-0.320937230017753,0.47269780587461396,0
-0.8143105085150718,-0.8604341637777169,1.1417984514369004,-0.7771621660066818,0.35966694455984194,0.03840130108947027,-0.320681897575501,-0.19010409876805415,0.5076670106568311,-0.2606736867374231,0.4589581331495554,1.1284871297720689,-0.9811597195474708,-0.5195379544466607,-0.320937230017753,1.6706758307745382,0
-0.8143105085150718,-0.8604341637777169,-0.8758113121817133,1.4556085834443853,0.35966694455984194,0.03840130108947027,-0.320681897575501,-0.6706313842560557,0.3467246657900884,-0.25066254479797456,2.992732915566923,0.6720204255946023,0.12043115691196367,-0.5195379544466607,-0.320937230017753,-0.38300078333961757,1
1.228032783002568,0.2014508558051004,-0.8758113121817133,-0.7771621660066818,0.35966694455984194,1.7445162494930782,-0.320681897575501,-0.276940622891787,0.3467246657900884,-0.27660858130376414,-0.3856334609895672,0.8241759936537578,0.12043115691196367,-0.5195379544466607,-0.320937230017753,-0.8964199368681566,0
-0.8143105085150718,-0.8604341637777169,1.1417984514369004,-0.7771621660066818,0.35966694455984194,0.03840130108947027,-0.320681897575501,-0.8768332909212608,0.3467246657900884,-0.26102911189503664,0.5796140751694301,0.07607778402957721,0.12043115691196367,-0.5195379544466607,-0.320937230017753,-1.5809788082395417,0
-0.8143105085150718,-0.8604341637777169,-0.8758113121817133,1.4556085834443853,0.35966694455984194,0.03840130108947027,-0.320681897575501,-0.03669688764987782,0.5076670106568311,-0.26861151525745913,0.4589581331495554,1.1284871297720689,-0.9811597195474708,-0.5195379544466607,-0.320937230017753,0.8149772415603066,1
1.228032783002568,0.2014508558051004,1.1417984514369004,-0.7771621660066818,1.284100165701253,0.03840130108947027,-0.320681897575501,0.06069061258242411,-2.228352852077794,-0.20694525041150724,0.33830219112968074,-0.6466611642514107,1.2220220333713983,-0.5195379544466607,-0.320937230017753,-0.21186106549677128,0
1.228032783002568,0.2014508558051004,-0.8758113121817133,1.4556085834443853,0.35966694455984194,0.03840130108947027,-0.320681897575501,-0.2206820219808129,0.5076670106568311,-0.24349480411943453,1.9068294373880514,-1.3694001125323993,1.2220220333713983,-0.5195379544466607,-0.320937230017753,0.9861169594031529,1
-0.8143105085150718,-0.8604341637777169,-0.8758113121817133,-0.7771621660066818,-1.4891994977229803,0.03840130108947027,-0.320681897575501,1.1537717374301826,-1.4236411277440808,-0.2406514028585261,-1.2302250551286897,0.46914633484906265,1.2220220333713983,2.0383982539899326,-0.320937230017753,-1.067559654711003,0
1.228032783002568,0.2014508558051004,-0.8758113121817133,-0.7771621660066818,1.284100165701253,0.03840130108947027,-0.320681897575501,4.418641895463294,-0.9408140931438528,-0.21606782945692182,-1.4715369391684392,0.4945055961922547,0.12043115691196367,-0.5195379544466607,-0.320937230017753,1.4995361129316918,0
1.228032783002568,0.2014508558051004,-0.8758113121817133,-0.7771621660066818,-3.3380659400058024,0.03840130108947027,-0.320681897575501,-0.7604938486977179,-2.389295196944537,-0.25978512384338914,-1.5921928811883137,-1.1031278684288768,-0.9811597195474708,1.1857528511777349,-0.320937230017753,-0.7252802190253103,1
-0.8143105085150718,-0.8604341637777169,-0.8758113121817133,-0.7771621660066818,0.35966694455984194,0.03840130108947027,-0.320681897575501,-0.5413122506687635,0.3467246657900884,-0.2594296986857756,0.5796140751694301,0.874894516340143,0.12043115691196367,-0.5195379544466607,-0.320937230017753,-1.067559654711003,0
-0.8143105085150718,-0.8604341637777169,-0.8758113121817133,-0.21896947864391497,0.35966694455984194,0.03840130108947027,-0.320681897575501,0.012713532541572176,0.5076670106568311,-0.26861151525745913,0.2176462491098061,-1.4074390045471878,1.2220220333713983,-0.5195379544466607,-0.320937230017753,-1.067559654711003,0
-0.8143105085150718,2.325220894970735,-0.8758113121817133,-0.21896947864391497,0.35966694455984194,0.03840130108947027,-0.320681897575501,-0.16028266063477772,0.5076670106568311,-0.24906313158871357,-1.7128488232081884,0.4945055961922547,-0.9811597195474708,-0.5195379544466607,-0.320937230017753,-0.7252802190253103,0
-0.8143105085150718,1.2633358753879178,-0.8758113121817133,1.4556085834443853,0.35966694455984194,0.03840130108947027,-0.320681897575501,-0.03339224230266561,0.5076670106568311,-0.2851387850864895,-0.3856334609895672,-0.49450559619225526,-0.9811597195474708,-0.5195379544466607,-0.320937230017753,1.3283963950888455,1
1.228032783002568,0.2014508558051004,1.1417984514369004,1.4556085834443853,0.35966694455984194,-1.6677136473141376,-0.320681897575501,0.5598513200282006,0.1857823209233458,-0.2622730999466841,-1.4715369391684392,-2.244294628872543,-2.0827505960069055,-0.5195379544466607,2.0002599452269254,-1.067559654711003,1
-0.8143105085150718,-0.8604341637777169,-0.8758113121817133,-0.7771621660066818,0.35966694455984194,0.03840130108947027,-0.320681897575501,-0.6813416203813579,0.3467246657900884,-0.2831839467196149,-0.2649775189696925,-0.15215556805915553,-0.9811597195474708,-0.5195379544466607,-0.320937230017753,0.6438375237174603,0
-0.8143105085150718,-0.8604341637777169,-0.8758113121817133,-0.7771621660066818,0.35966694455984194,0.03840130108947027,-0.320681897575501,-0.3097083713346261,0.3467246657900884,-0.2650572636813236,-0.02366563492994321,-0.01267963067159714,-0.9811597195474708,-0.5195379544466607,-0.320937230017753,-0.5541405011824639,0
-0.8143105085150718,1.2633358753879178,-0.8758113121817133,-0.7771621660066818,0.35966694455984194,0.03840130108947027,-0.320681897575501,-0.9536364339908072,0.3467246657900884,-0.2830062341408081,0.7002700171893047,0.24091298276032877,1.2220220333713983,-0.5195379544466607,-0.320937230017753,-0.5541405011824639,0
-0.8143105085150718,1.2633358753879178,-0.8758113121817133,-0.7771621660066818,0.35966694455984194,1.7445162494930782,-0.320681897575501,-0.33033254350156493,0.5076670106568311,-0.28045902051124433,0.5796140751694301,0.6213019029082171,0.12043115691196367,-0.5195379544466607,-0.320937230017753,0.13041837018892133,0
-0.8143105085150718,2.325220894970735,-0.8758113121817133,-0.7771621660066818,0.35966694455984194,0.03840130108947027,-0.320681897575501,-0.34179926470634947,0.3467246657900884,-0.26339861294579364,0.4589581331495554,1.1284871297720689,1.2220220333713983,-0.5195379544466607,-0.320937230017753,-0.21186106549677128,0
1.228032783002568,0.2014508558051004,1.1417984514369004,1.4556085834443853,0.35966694455984194,1.7445162494930782,-0.320681897575501,-0.8832435065947689,0.3467246657900884,-0.24349480411943453,0.941581901229054,0.7480982096241806,0.12043115691196367,-0.5195379544466607,-0.320937230017753,-0.21186106549677128,1
1.228032783002568,0.2014508558051004,-0.8758113121817133,0.3392232087188518,-1.4891994977229803,0.03840130108947027,-0.320681897575501,1.4603870846456188,-1.4236411277440808,-0.25202500790215987,-1.2302250551286897,-0.45646670417746665,-0.9811597195474708,1.612075552583834,-0.320937230017753,-1.4098390903966955,0
-0.8143105085150718,-0.8604341637777169,-0.8758113121817133,-0.7771621660066818,0.35966694455984194,1.7445162494930782,-0.320681897575501,-0.2268931626334045,0.5076670106568311,-0.2622730999466841,-0.2649775189696925,0.24091298276032877,-0.9811597195474708,-0.5195379544466607,-0.320937230017753,-1.5809788082395417,0
1.228032783002568,0.2014508558051004,-0.8758113121817133,1.4556085834443853,0.35966694455984194,0.03840130108947027,-0.320681897575501,-0.3132120917027547,0.3467246657900884,-0.24343556659316562,0.2176462491098061,-0.13947593738755953,0.12043115691196367,-0.5195379544466607,-0.320937230017753,-1.067559654711003,1
-0.8143105085150718,-0.8604341637777169,-0.8758113121817133,1.4556085834443853,1.284100165701253,0.03840130108947027,-0.320681897575501,-0.0008633838849261717,0.6686093555235738,0.7634839049260372,0.09699030708993145,0.4945055961922547,1.2220220333713983,-0.5195379544466607,-0.320937230017753,-1.4098390903966955,1
-0.8143105085150718,-0.8604341637777169,1.1417984514369004,-0.7771621660066818,0.35966694455984194,0.03840130108947027,-0.320681897575501,-0.7381178163467147,0.3467246657900884,-0.2765493437774952,0.941581901229054,-1.3186815898460142,0.12043115691196367,-0.5195379544466607,-0.320937230017753,-0.04072134765392497,0
-0.8143105085150718,-0.8604341637777169,1.1417984514369004,-0.7771621660066818,1.284100165701253,0.03840130108947027,-0.320681897575501,-0.14774093431704466,-2.228352852077794,4.399246317207634,0.8209259592091794,0.24091298276032877,1.2220220333713983,-0.5195379544466607,-0.320937230017753,0.47269780587461396,0
1.228032783002568,0.2014508558051004,-0.8758113121817133,-0.7771621660066818,-2.4136327188643913,0.03840130108947027,-0.320681897575501,7.205692188292867,-0.13610236881013954,-0.2756607808834613,-0.6269453450293165,0.9129334083549322,-0.9811597195474708,-0.5195379544466607,-0.320937230017753,-0.04072134765392497,0
1.228032783002568,0.2014508558051004,-0.8758113121817133,1.4556085834443853,0.35966694455984194,0.03840130108947027,-0.320681897575501,-0.5978495566090206,0.3467246657900884,-0.25978512384338914,2.992732915566923,-0.6466611642514107,1.2220220333713983,-0.5195379544466607,-0.320937230017753,0.9861169594031529,1
1.228032783002568,0.2014508558051004,-0.8758113121817133,1.4556085834443853,0.35966694455984194,0.03840130108947027,-0.320681897575501,-0.9391437724680934,0.3467246657900884,-0.262332337472953,-0.3856334609895672,-0.7861371016389698,0.12043115691196367,-0.5195379544466607,-0.320937230017753,-0.7252802190253103,1
-0.8143105085150718,-0.8604341637777169,1.1417984514369004,-0.7771621660066818,0.35966694455984194,0.03840130108947027,-0.320681897575501,-0.890529652360309,0.3467246657900884,-0.2863827731381369,0.5796140751694301,-1.280642697831225,-0.9811597195474708,-0.5195379544466607,-0.320937230017753,-1.238699372553849,0
1.228032783002568,0.2014508558051004,1.1417984514369004,-0.7771621660066818,0.35966694455984194,0.03840130108947027,-0.320681897575501,-0.20097359491008948,0.3467246657900884,-0.28164377103662286,-0.2649775189696925,-0.9256130390265292,-0.9811597195474708,-0.5195379544466607,-0.320937230017753,1.1572566772459991,0
-0.8143105085150718,-0.8604341637777169,1.1417984514369004,-0.7771621660066818,1.284100165701253,0.03840130108947027,3.1183550040100445,0.09230372590394811,-2.228352852077794,0.21417432383428714,0.33830219112968074,-0.5832630108934296,1.2220220333713983,-0.5195379544466607,-0.320937230017753,1.6706758307745382,0
1.228032783002568,0.2014508558051004,1.1417984514369004,0.3392232087188518,-1.4891994977229803,0.03840130108947027,-0.320681897575501,0.9629384223797234,1.7952057695907724,-0.2598443613696581,-0.8682572290690658,0.4437870735058695,1.2220220333713983,2.0383982539899326,-0.320937230017753,-0.5541405011824639,0
1.228032783002568,0.2014508558051004,1.1417984514369004,0.8974158960816185,0.35966694455984194,0.03840130108947027,-0.320681897575501,0.546951258672818,0.1857823209233458,-0.2763716311986884,-1.4715369391684392,0.8495352549969509,0.12043115691196367,-0.5195379544466607,-0.320937230017753,-0.21186106549677128,1
-0.8143105085150718,1.2633358753879178,-0.8758113121817133,1.4556085834443853,0.35966694455984194,0.03840130108947027,-0.320681897575501,-0.11732227112101903,0.5076670106568311,-0.26452412594490327,-0.02366563492994321,0.5198648575354468,-0.9811597195474708,-0.5195379544466607,-0.320937230017753,1.6706758307745382,1
1.228032783002568,0.2014508558051004,1.1417984514369004,-0.7771621660066818,0.35966694455984194,0.03840130108947027,-0.320681897575501,-0.9117908645941804,0.3467246657900884,-0.26701210204819814,-0.02366563492994321,1.1284871297720689,1.2220220333713983,-0.5195379544466607,-0.320937230017753,0.47269780587461396,0
-0.8143105085150718,1.2633358753879178,1.1417984514369004,-0.7771621660066818,-3.3380659400058024,0.03840130108947027,-0.320681897575501,-0.17919478762183555,-2.5502375418112795,-0.30184376749432656,-1.5921928811883137,1.1284871297720689,0.12043115691196367,1.1857528511777349,-0.320937230017753,-1.238699372553849,0
1.228032783002568,0.2014508558051004,1.1417984514369004,1.4556085834443853,0.35966694455984194,0.03840130108947027,-0.320681897575501,-0.2810415683226648,0.5076670106568311,-0.2623915749992219,0.7002700171893047,1.0016908230561066,-0.9811597195474708,-0.5195379544466607,-0.320937230017753,1.6706758307745382,1
-0.8143105085150718,-0.8604341637777169,-0.8758113121817133,-0.7771621660066818,-1.4891994977229803,0.03840130108947027,-0.320681897575501,0.5002084437616477,0.8295517003903164,-0.27660858130376414,-0.14432157694981787,-0.01267963067159714,1.2220220333713983,2.4647209553960314,-0.320937230017753,-1.4098390903966955,0
-0.8143105085150718,-0.8604341637777169,-0.8758113121817133,1.4556085834443853,0.35966694455984194,0.03840130108947027,-0.320681897575501,-0.21279865115252353,0.3467246657900884,-0.2811106333002025,0.7002700171893047,0.9763315617129134,-0.9811597195474708,-0.5195379544466607,-0.320937230017753,1.1572566772459991,1
1.228032783002568,0.2014508558051004,1.1417984514369004,-0.7771621660066818,-3.3380659400058024,0.03840130108947027,-0.320681897575501,0.9565680217103986,0.9904940452570591,-0.30184376749432656,-1.4715369391684392,-0.01267963067159714,0.12043115691196367,-0.5195379544466607,-0.320937230017753,1.6706758307745382,0
1.228032783002568,0.2014508558051004,1.1417984514369004,-0.7771621660066818,0.35966694455984194,0.03840130108947027,-0.320681897575501,-0.1705151167098806,0.3467246657900884,-0.283124709193346,0.2176462491098061,-0.01267963067159714,-0.9811597195474708,-0.5195379544466607,-0.320937230017753,-0.04072134765392497,0
-0.8143105085150718,2.325220894970735,1.1417984514369004,-0.7771621660066818,1.284100165701253,0.03840130108947027,-0.320681897575501,0.05762485726031157,-2.228352852077794,4.594197016158669,0.33830219112968074,0.5325444882070438,-0.9811597195474708,-0.5195379544466607,-0.320937230017753,0.9861169594031529,0
1.228032783002568,0.2014508558051004,-0.8758113121817133,-0.7771621660066818,0.35966694455984194,1.7445162494930782,-0.320681897575501,0.3541271934131948,0.1857823209233458,-0.26333937541952473,-1.4715369391684392,-0.01267963067159714,-0.9811597195474708,-0.5195379544466607,-0.320937230017753,0.13041837018892133,0
1.228032783002568,0.2014508558051004,-0.8758113121817133,1.4556085834443853,0.35966694455984194,0.03840130108947027,-0.320681897575501,-0.6528340773861298,0.3467246657900884,-0.27660858130376414,0.941581901229054,-1.1792056524584547,0.12043115691196367,-0.5195379544466607,-0.320937230017753,0.9861169594031529,1
1.228032783002568,0.2014508558051004,1.1417984514369004,0.3392232087188518,0.35966694455984194,0.03840130108947027,-0.320681897575501,-0.22179684209794473,0.5076670106568311,-0.28348013435095953,0.4589581331495554,-0.13947593738755953,-0.9811597195474708,-0.5195379544466607,-0.320937230017753,-0.5541405011824639,0
-0.8143105085150718,-0.8604341637777169,-0.8758113121817133,-0.7771621660066818,-1.4891994977229803,1.7445162494930782,3.1183550040100445,-0.6865573859293677,-0.45798705854362487,-0.02875877139457807,-0.9889131710889405,0.6720204255946023,0.12043115691196367,1.612075552583834,-0.320937230017753,0.6438375237174603,0
-0.8143105085150718,3.3871059145535525,-0.8758113121817133,1.4556085834443853,0.35966694455984194,0.03840130108947027,-0.320681897575501,-0.07101742125586484,0.5076670106568311,-0.2626285251042976,0.941581901229054,0.6847000562661993,0.12043115691196367,-0.5195379544466607,-0.320937230017753,0.8149772415603066,1
-0.8143105085150718,-0.8604341637777169,-0.8758113121817133,-0.7771621660066818,0.35966694455984194,1.7445162494930782,-0.320681897575501,0.1715753992328578,0.5076670106568311,-0.25066254479797456,0.2176462491098061,0.11411667604436637,0.12043115691196367,-0.5195379544466607,-0.320937230017753,1.4995361129316918,0
1.228032783002568,0.2014508558051004,-0.8758113121817133,0.3392232087188518,0.35966694455984194,0.03840130108947027,-0.320681897575501,-0.6754091847580493,0.3467246657900884,-0.2626285251042976,0.2176462491098061,1.1284871297720689,-0.9811597195474708,-0.5195379544466607,-0.320937230017753,-0.7252802190253103,0
-0.8143105085150718,-0.8604341637777169,-0.8758113121817133,1.4556085834443853,0.35966694455984194,1.7445162494930782,3.1183550040100445,-0.859473949097351,0.3467246657900884,-0.279096557407059,2.992732915566923,1.1284871297720689,0.12043115691196367,-0.5195379544466607,-0.320937230017753,1.1572566772459991,1
-0.8143105085150718,3.3871059145535525,1.1417984514369004,1.4556085834443853,0.35966694455984194,0.03840130108947027,-0.320681897575501,-0.6463044167000719,0.3467246657900884,-0.27352822993778,-0.3856334609895672,-1.3060019591744176,0.12043115691196367,-0.5195379544466607,-0.320937230017753,1.3283963950888455,1
-0.8143105085150718,-0.8604341637777169,-0.8758113121817133,-0.7771621660066818,0.35966694455984194,0.03840130108947027,-0.320681897575501,-0.9406567426270581,0.3467246657900884,-0.2586596108442796,0.5796140751694301,0.6213019029082171,0.12043115691196367,-0.5195379544466607,-0.320937230017753,0.6438375237174603,0
1.228032783002568,0.2014508558051004,-0.8758113121817133,-0.21896947864391497,0.35966694455984194,0.03840130108947027,-0.320681897575501,-0.2641998215531375,0.5076670106568311,-0.25066254479797456,-1.7128488232081884,1.1284871297720689,-0.9811597195474708,-0.5195379544466607,-0.320937230017753,-1.067559654711003,0
1.228032783002568,0.2014508558051004,-0.8758113121817133,1.4556085834443853,0.35966694455984194,0.03840130108947027,-0.320681897575501,-0.024433866361427702,0.5076670106568311,-0.2594296986857756,-0.3856334609895672,1.1284871297720689,0.12043115691196367,-0.5195379544466607,-0.320937230017753,0.9861169594031529,1
1.228032783002568,0.2014508558051004,-0.8758113121817133,-0.7771621660066818,0.35966694455984194,0.03840130108947027,-0.320681897575501,-0.3054481658870152,0.3467246657900884,-0.24313937896182097,-0.2649775189696925,-0.01267963067159714,-0.9811597195474708,-0.5195379544466607,-0.320937230017753,0.13041837018892133,0
-0.8143105085150718,-0.8604341637777169,-0.8758113121817133,-0.7771621660066818,-0.5647662765815692,0.03840130108947027,-0.320681897575501,1.4599093045954195,1.1514363901238018,-0.26185843726280156,-0.5062894030094418,0.4945055961922547,1.2220220333713983,1.1857528511777349,-0.320937230017753,0.6438375237174603,0
1.228032783002568,0.2014508558051004,-0.8758113121817133,-0.7771621660066818,0.35966694455984194,0.03840130108947027,-0.320681897575501,-0.5927930510777442,0.3467246657900884,-0.250307119640361,-0.02366563492994321,1.1284871297720689,0.12043115691196367,-0.5195379544466607,-0.320937230017753,-0.38300078333961757,0
-0.8143105085150718,-0.8604341637777169,-0.8758113121817133,-0.7771621660066818,0.35966694455984194,0.03840130108947027,-0.320681897575501,-0.5456919011289243,0.5076670106568311,-0.26102911189503664,0.5796140751694301,1.1284871297720689,1.2220220333713983,-0.5195379544466607,-0.320937230017753,0.9861169594031529,0
1.228032783002568,0.2014508558051004,-0.8758113121817133,-0.7771621660066818,0.35966694455984194,0.03840130108947027,-0.320681897575501,-0.24727844477524366,0.3467246657900884,-0.2589557984756242,0.7002700171893047,-0.22823335208873333,-0.9811597195474708,-0.5195379544466607,-0.320937230017753,1.6706758307745382,0
1.228032783002568,0.2014508558051004,1.1417984514369004,-0.21896947864391497,1.284100165701253,0.03840130108947027,-0.320681897575501,-0.22812742776308617,-2.228352852077794,4.278934901355446,0.8209259592091794,-0.9002537776833367,0.12043115691196367,-0.5195379544466607,-0.320937230017753,-0.5541405011824639,0
-0.8143105085150718,-0.8604341637777169,-0.8758113121817133,1.4556085834443853,0.35966694455984194,0.03840130108947027,3.1183550040100445,-0.2532905104069189,0.3467246657900884,-0.28407250961364877,0.4589581331495554,0.08875741470117322,0.12043115691196367,-0.5195379544466607,-0.320937230017753,1.1572566772459991,1
-0.8143105085150718,-0.8604341637777169,-0.8758113121817133,-0.7771621660066818,0.35966694455984194,0.03840130108947027,-0.320681897575501,-0.530840904568561,0.3467246657900884,-0.24935931922005822,0.941581901229054,1.1284871297720689,0.12043115691196367,-0.5195379544466607,-0.320937230017753,-0.04072134765392497,0
-0.8143105085150718,-0.8604341637777169,1.1417984514369004,-0.7771621660066818,0.35966694455984194,0.03840130108947027,-0.320681897575501,0.5831430974754191,0.1857823209233458,-0.2671898146270049,-1.4715369391684392,0.3296703974615031,-0.9811597195474708,-0.5195379544466607,-0.320937230017753,-1.4098390903966955,0
-0.8143105085150718,-0.8604341637777169,1.1417984514369004,1.4556085834443853,0.35966694455984194,-3.3738285957177454,-0.320681897575501,-0.5263816241000338,0.5076670106568311,-0.24189539091017354,-0.2649775189696925,-1.4074390045471878,-2.0827505960069055,-0.5195379544466607,4.321457120471604,-0.7252802190253103,1
1.228032783002568,0.2014508558051004,1.1417984514369004,-0.7771621660066818,0.35966694455984194,0.03840130108947027,-0.320681897575501,-0.4305469090308797,0.5076670106568311,-0.30243614275701586,-0.02366563492994321,-0.5198648575354479,-0.9811597195474708,-0.5195379544466607,-0.320937230017753,0.6438375237174603,0
1.228032783002568,0.2014508558051004,1.1417984514369004,-0.7771621660066818,-1.4891994977229803,-1.6677136473141376,3.1183550040100445,3.502896799247863,-0.6189294034103675,-0.2619176747890705,-1.1095691131088152,-2.1808964755145612,-0.9811597195474708,2.0383982539899326,2.773992336975152,0.47269780587461396,0
-0.8143105085150718,-0.8604341637777169,-0.8758113121817133,-0.7771621660066818,0.35966694455984194,1.7445162494930782,-0.320681897575501,0.13693634559340456,0.5076670106568311,-0.2623915749992219,0.7002700171893047,0.7480982096241806,-0.9811597195474708,-0.5195379544466607,-0.320937230017753,-1.5809788082395417,0
-0.8143105085150718,-0.8604341637777169,1.1417984514369004,0.3392232087188518,0.35966694455984194,0.03840130108947027,3.1183550040100445,0.12284183411252357,0.5076670106568311,-0.262332337472953,0.4589581331495554,-0.01267963067159714,0.12043115691196367,-0.5195379544466607,-0.320937230017753,0.30155808803176765,0
1.228032783002568,0.2014508558051004,-0.8758113121817133,-0.7771621660066818,-1.4891994977229803,0.03840130108947027,-0.320681897575501,-0.6538294524907118,-0.2970447136768822,-0.26701210204819814,-0.8682572290690658,-0.3803889201478889,-0.9811597195474708,2.0383982539899326,-0.320937230017753,-0.7252802190253103,0
-0.8143105085150718,1.2633358753879178,-0.8758113121817133,-0.7771621660066818,0.35966694455984194,0.03840130108947027,-0.320681897575501,-0.2225931421816103,0.3467246657900884,-0.24302090390928313,0.2176462491098061,0.3677092894762923,0.12043115691196367,-0.5195379544466607,-0.320937230017753,1.3283963950888455,0
-0.8143105085150718,2.325220894970735,1.1417984514369004,-0.7771621660066818,0.35966694455984194,0.03840130108947027,-0.320681897575501,0.21485430878008274,0.5076670106568311,-0.30184376749432656,0.941581901229054,0.22823335208873274,1.2220220333713983,-0.5195379544466607,-0.320937230017753,0.13041837018892133,0
-0.8143105085150718,-0.8604341637777169,1.1417984514369004,-0.7771621660066818,0.35966694455984194,0.03840130108947027,-0.320681897575501,-0.45570999167471243,0.3467246657900884,-0.29651239013012326,0.7002700171893047,-0.01267963067159714,0.12043115691196367,-0.5195379544466607,-0.320937230017753,0.47269780587461396,0
-0.8143105085150718,-0.8604341637777169,1.1417984514369004,-0.7771621660066818,-1.4891994977229803,0.03840130108947027,-0.320681897575501,0.7525161252710906,0.8295517003903164,-0.2665382018380467,-0.14432157694981787,1.1284871297720689,-0.9811597195474708,2.0383982539899326,-0.320937230017753,1.1572566772459991,0
-0.8143105085150718,-0.8604341637777169,1.1417984514369004,1.4556085834443853,0.35966694455984194,0.03840130108947027,3.1183550040100445,-0.7385955963969141,0.3467246657900884,-0.26333937541952473,2.992732915566923,0.24091298276032877,-0.9811597195474708,-0.5195379544466607,-0.320937230017753,1.4995361129316918,1
1.228032783002568,0.2014508558051004,1.1417984514369004,1.4556085834443853,0.35966694455984194,0.03840130108947027,-0.320681897575501,-0.8901315023184763,0.3467246657900884,-0.24491650474988877,-0.3856334609895672,-1.1792056524584547,-0.9811597195474708,-0.5195379544466607,-0.320937230017753,-0.04072134765392497,1
1.228032783002568,0.2014508558051004,1.1417984514369004,0.3392232087188518,0.35966694455984194,0.03840130108947027,-0.320681897575501,-0.8172302296588912,0.3467246657900884,-0.26179919973653265,0.5796140751694301,1.1284871297720689,1.2220220333713983,-0.5195379544466607,-0.320937230017753,0.13041837018892133,0
-0.8143105085150718,2.325220894970735,-0.8758113121817133,-0.7771621660066818,0.35966694455984194,1.7445162494930782,3.1183550040100445,-0.6385006758801491,0.3467246657900884,-0.2811106333002025,-0.2649775189696925,-0.13947593738755953,-0.9811597195474708,-0.5195379544466607,-0.320937230017753,0.30155808803176765,0
-0.8143105085150718,-0.8604341637777169,-0.8758113121817133,-0.7771621660066818,1.284100165701253,0.03840130108947027,-0.320681897575501,-0.21204216607304122,-2.228352852077794,1.4141488934639197,0.8209259592091794,1.1284871297720689,1.2220220333713983,-0.5195379544466607,-0.320937230017753,-1.4098390903966955,0
-0.8143105085150718,-0.8604341637777169,-0.8758113121817133,-0.7771621660066818,0.35966694455984194,0.03840130108947027,-0.320681897575501,-0.2770998829085201,0.3467246657900884,-0.26203614984160833,-0.02366563492994321,-0.6466611642514107,1.2220220333713983,-0.5195379544466607,-0.320937230017753,-1.067559654711003,0
-0.8143105085150718,-0.8604341637777169,-0.8758113121817133,-0.7771621660066818,0.35966694455984194,0.03840130108947027,-0.320681897575501,-0.09088510834332136,0.5076670106568311,-0.3267235285272755,0.2176462491098061,0.5325444882070438,1.2220220333713983,-0.5195379544466607,-0.320937230017753,-0.8964199368681566,0
-0.8143105085150718,-0.8604341637777169,-0.8758113121817133,0.8974158960816185,0.35966694455984194,-3.3738285957177454,-0.320681897575501,-0.6508433271769658,0.3467246657900884,-0.26085139931622986,0.7002700171893047,-2.256974259544139,-2.0827505960069055,-0.5195379544466607,4.321457120471604,-1.238699372553849,1
1.228032783002568,0.2014508558051004,-0.8758113121817133,1.4556085834443853,0.35966694455984194,0.03840130108947027,-0.320681897575501,0.11726773352686443,0.5076670106568311,-0.24071064038479503,2.992732915566923,1.1284871297720689,-0.9811597195474708,-0.5195379544466607,-0.320937230017753,1.1572566772459991,1
-0.8143105085150718,-0.8604341637777169,-0.8758113121817133,-0.7771621660066818,1.284100165701253,0.03840130108947027,-0.320681897575501,-0.23768302876707328,-2.228352852077794,1.5768151405983903,0.8209259592091794,0.21555372141713675,-0.9811597195474708,-0.5195379544466607,-0.320937230017753,-1.5809788082395417,0
1.228032783002568,0.2014508558051004,1.1417984514369004,-0.7771621660066818,0.35966694455984194,1.7445162494930782,-0.320681897575501,-0.8602702491810166,0.3467246657900884,-0.24153996575255998,0.4589581331495554,1.1284871297720689,-0.9811597195474708,-0.5195379544466607,-0.320937230017753,0.47269780587461396,0
-0.8143105085150718,-0.8604341637777169,1.1417984514369004,-0.7771621660066818,0.35966694455984194,-1.6677136473141376,-0.320681897575501,-0.6354747355622199,0.3467246657900884,-0.28407250961364877,0.941581901229054,0.17751482940234758,-0.9811597195474708,-0.5195379544466607,2.773992336975152,-0.7252802190253103,0
-0.8143105085150718,-0.8604341637777169,1.1417984514369004,-0.7771621660066818,1.284100165701253,0.03840130108947027,-0.320681897575501,-0.007631934596083706,-2.228352852077794,1.2246480469296257,0.33830219112968074,1.1284871297720689,1.2220220333713983,-0.5195379544466607,-0.320937230017753,1.3283963950888455,0
1.228032783002568,0.2014508558051004,-0.8758113121817133,1.4556085834443853,0.35966694455984194,0.03840130108947027,-0.320681897575501,-0.21920886682603155,0.3467246657900884,-0.24906313158871357,0.2176462491098061,-0.2789518747751185,0.12043115691196367,-0.5195379544466607,-0.320937230017753,-0.5541405011824639,1
-0.8143105085150718,-0.8604341637777169,1.1417984514369004,1.4556085834443853,-0.5647662765815692,1.7445162494930782,3.1183550040100445,1.5912590033960587,1.1514363901238018,-0.279096557407059,-0.5062894030094418,1.1284871297720689,1.2220220333713983,0.759430149771636,-0.320937230017753,0.47269780587461396,1
1.228032783002568,0.2014508558051004,1.1417984514369004,1.4556085834443853,-1.4891994977229803,0.03840130108947027,-0.320681897575501,0.9584393269070127,-1.2626987828773382,-0.22560507118621892,-1.2302250551286897,0.7480982096241806,0.12043115691196367,1.612075552583834,-0.320937230017753,1.4995361129316918,1
-0.8143105085150718,-0.8604341637777169,1.1417984514369004,1.4556085834443853,0.35966694455984194,-1.6677136473141376,-0.320681897575501,-0.6154079734538469,0.3467246657900884,-0.2427247162779385,2.992732915566923,-0.7227389482809886,1.2220220333713983,-0.5195379544466607,2.773992336975152,0.8149772415603066,1
1.228032783002568,0.2014508558051004,-0.8758113121817133,1.4556085834443853,0.35966694455984194,-1.6677136473141376,-0.320681897575501,-0.34840855540077387,0.5076670106568311,-0.24189539091017354,-0.3856334609895672,-2.168216844842965,1.2220220333713983,-0.5195379544466607,3.547724728723378,-1.4098390903966955,1
-0.8143105085150718,-0.8604341637777169,-0.8758113121817133,1.4556085834443853,0.35966694455984194,0.03840130108947027,-0.320681897575501,-0.9166482951045405,0.3467246657900884,-0.2594296986857756,-0.3856334609895672,-0.836855624325355,0.12043115691196367,-0.5195379544466607,-0.320937230017753,-0.8964199368681566,1
1.228032783002568,0.2014508558051004,-0.8758113121817133,1.4556085834443853,0.35966694455984194,1.7445162494930782,-0.320681897575501,-0.4406201050892495,0.5076670106568311,-0.27660858130376414,0.5796140751694301,0.11411667604436637,1.2220220333713983,-0.5195379544466607,-0.320937230017753,0.30155808803176765,1
1.228032783002568,0.2014508558051004,-0.8758113121817133,1.4556085834443853,0.35966694455984194,0.03840130108947027,-0.320681897575501,0.2248876898342692,0.1857823209233458,-0.2680783775210388,-1.4715369391684392,0.0633981533579812,1.2220220333713983,-0.5195379544466607,-0.320937230017753,-0.7252802190253103,1
1.228032783002568,0.2014508558051004,-0.8758113121817133,-0.7771621660066818,0.35966694455984194,0.03840130108947027,-0.320681897575501,0.20724964298107634,0.5076670106568311,-0.26689362699566027,-0.2649775189696925,0.24091298276032877,-0.9811597195474708,-0.5195379544466607,-0.320937230017753,0.6438375237174603,0
1.228032783002568,0.2014508558051004,-0.8758113121817133,-0.7771621660066818,-1.4891994977229803,1.7445162494930782,-0.320681897575501,0.9767940438355046,-1.2626987828773382,-0.27660858130376414,-1.2302250551286897,0.6213019029082171,1.2220220333713983,2.4647209553960314,-0.320937230017753,0.9861169594031529,0
1.228032783002568,0.2014508558051004,1.1417984514369004,1.4556085834443853,0.35966694455984194,0.03840130108947027,-0.320681897575501,-0.1710725267684465,0.3467246657900884,-0.24313937896182097,-0.2649775189696925,1.1284871297720689,-0.9811597195474708,-0.5195379544466607,-0.320937230017753,0.47269780587461396,1
-0.8143105085150718,-0.8604341637777169,1.1417984514369004,-0.7771621660066818,0.35966694455984194,0.03840130108947027,-0.320681897575501,-0.876713845908711,0.3467246657900884,-0.24313937896182097,-0.02366563492994321,-0.570583380221833,-0.9811597195474708,-0.5195379544466607,-0.320937230017753,0.8149772415603066,0
1.228032783002568,0.2014508558051004,-0.8758113121817133,-0.7771621660066818,1.284100165701253,0.03840130108947027,-0.320681897575501,-0.2857397388162918,-2.228352852077794,1.9942027506892424,0.8209259592091794,0.11411667604436637,1.2220220333713983,-0.5195379544466607,-0.320937230017753,-0.21186106549677128,0
-0.8143105085150718,1.2633358753879178,-0.8758113121817133,1.4556085834443853,0.35966694455984194,0.03840130108947027,-0.320681897575501,-0.8847564767537335,0.3467246657900884,-0.2851387850864895,0.7002700171893047,-1.1918852831300513,0.12043115691196367,-0.5195379544466607,-0.320937230017753,0.6438375237174603,1
-0.8143105085150718,-0.8604341637777169,1.1417984514369004,-0.7771621660066818,0.35966694455984194,0.03840130108947027,-0.320681897575501,-0.38018092873903103,0.3467246657900884,-0.26339861294579364,0.4589581331495554,0.874894516340143,-0.9811597195474708,-0.5195379544466607,-0.320937230017753,0.6438375237174603,0
-0.8143105085150718,1.2633358753879178,-0.8758113121817133,1.4556085834443853,0.35966694455984194,0.03840130108947027,-0.320681897575501,-0.8994482132973637,0.3467246657900884,-0.2417769158576357,0.7002700171893047,0.4945055961922547,1.2220220333713983,-0.5195379544466607,-0.320937230017753,0.9861169594031529,1
1.228032783002568,0.2014508558051004,1.1417984514369004,1.4556085834443853,-3.3380659400058024,0.03840130108947027,3.1183550040100445,0.5710393362037022,0.9904940452570591,-0.2671898146270049,-1.4715369391684392,0.05071852268638518,0.12043115691196367,-0.5195379544466607,-0.320937230017753,-1.067559654711003,1
1.228032783002568,0.2014508558051004,-0.8758113121817133,-0.7771621660066818,-1.4891994977229803,0.03840130108947027,-0.320681897575501,1.0709963437331442,-2.0674105072110516,-0.26333937541952473,-0.14432157694981787,0.3677092894762923,0.12043115691196367,2.0383982539899326,-0.320937230017753,-0.04072134765392497,0
-0.8143105085150718,1.2633358753879178,1.1417984514369004,1.4556085834443853,0.35966694455984194,0.03840130108947027,-0.320681897575501,-0.2903184642973689,0.3467246657900884,-0.24153996575255998,0.941581901229054,-0.39306855081948544,1.2220220333713983,-0.5195379544466607,-0.320937230017753,1.4995361129316918,1
1.228032783002568,0.2014508558051004,1.1417984514369004,-0.7771621660066818,1.284100165701253,0.03840130108947027,-0.320681897575501,-0.28713326396270655,-2.228352852077794,4.570205818019755,0.33830219112968074,-0.1648351987307521,-0.9811597195474708,-0.5195379544466607,-0.320937230017753,-1.067559654711003,0
-0.8143105085150718,1.2633358753879178,1.1417984514369004,1.4556085834443853,0.35966694455984194,0.03840130108947027,-0.320681897575501,-0.9518049437983763,0.3467246657900884,-0.2594296986857756,0.2176462491098061,1.1284871297720689,0.12043115691196367,-0.5195379544466607,-0.320937230017753,0.13041837018892133,1
1.228032783002568,0.2014508558051004,-0.8758113121817133,-0.7771621660066818,0.35966694455984194,1.7445162494930782,-0.320681897575501,-0.8871851920089135,0.3467246657900884,-0.25972588631712024,-1.7128488232081884,0.3169907667899071,1.2220220333713983,-0.5195379544466607,-0.320937230017753,0.9861169594031529,0
-0.8143105085150718,1.2633358753879178,-0.8758113121817133,1.4556085834443853,0.35966694455984194,0.03840130108947027,-0.320681897575501,-0.16123822073517644,0.5076670106568311,-0.2756607808834613,-0.02366563492994321,0.4945055961922547,0.12043115691196367,-0.5195379544466607,-0.320937230017753,-0.04072134765392497,1
1.228032783002568,0.2014508558051004,1.1417984514369004,1.4556085834443853,0.35966694455984194,0.03840130108947027,-0.320681897575501,-0.5352205550287218,0.5076670106568311,-0.2616807246839948,0.7002700171893047,0.11411667604436637,1.2220220333713983,-0.5195379544466607,-0.320937230017753,0.47269780587461396,1
1.228032783002568,0.2014508558051004,1.1417984514369004,1.4556085834443853,0.35966694455984194,0.03840130108947027,-0.320681897575501,-0.7402678265726118,0.3467246657900884,-0.3042132685450836,-0.3856334609895672,1.1284871297720689,-0.9811597195474708,-0.5195379544466607,-0.320937230017753,0.13041837018892133,1
1.228032783002568,0.2014508558051004,-0.8758113121817133,0.8974158960816185,0.35966694455984194,-1.6677136473141376,-0.320681897575501,-0.3025416705816358,0.3467246657900884,-0.30184376749432656,0.5796140751694301,-0.6466611642514107,-0.9811597195474708,-0.5195379544466607,2.773992336975152,0.9861169594031529,1
-0.8143105085150718,3.3871059145535525,1.1417984514369004,-0.7771621660066818,0.35966694455984194,1.7445162494930782,-0.320681897575501,-0.22565889750372284,0.3467246657900884,-0.2858496354017166,-0.2649775189696925,-0.6466611642514107,1.2220220333713983,-0.5195379544466607,-0.320937230017753,-1.067559654711003,0
1.228032783002568,0.2014508558051004,-0.8758113121817133,-0.7771621660066818,-1.4891994977229803,0.03840130108947027,-0.320681897575501,0.8306331634786852,-1.2626987828773382,-0.27660858130376414,-1.2302250551286897,-0.5325444882070444,1.2220220333713983,2.0383982539899326,-0.320937230017753,0.8149772415603066,0
-0.8143105085150718,-0.8604341637777169,-0.8758113121817133,1.4556085834443853,-1.4891994977229803,0.03840130108947027,-0.320681897575501,2.029741644466517,1.956148114457515,-0.22821152234205164,-1.2302250551286897,-0.29163150544671507,-0.9811597195474708,2.4647209553960314,-0.320937230017753,0.30155808803176765,1
-0.8143105085150718,-0.8604341637777169,-0.8758113121817133,-0.7771621660066818,-1.4891994977229803,0.03840130108947027,-0.320681897575501,3.2357381211780565,-1.5845834726108234,-0.2665382018380467,-0.14432157694981787,1.0524093457424917,-0.9811597195474708,1.612075552583834,-0.320937230017753,1.1572566772459991,0
-0.8143105085150718,2.325220894970735,-0.8758113121817133,-0.7771621660066818,0.35966694455984194,0.03840130108947027,-0.320681897575501,-0.33419459890734304,0.3467246657900884,-0.27660858130376414,-0.02366563492994321,1.1284871297720689,0.12043115691196367,-0.5195379544466607,-0.320937230017753,-0.38300078333961757,0
-0.8143105085150718,-0.8604341637777169,1.1417984514369004,1.4556085834443853,0.35966694455984194,0.03840130108947027,-0.320681897575501,-0.6306969350602263,0.3467246657900884,-0.2606736867374231,0.7002700171893047,1.1284871297720689,1.2220220333713983,-0.5195379544466607,-0.320937230017753,-1.067559654711003,1
-0.8143105085150718,-0.8604341637777169,1.1417984514369004,-0.7771621660066818,-1.4891994977229803,0.03840130108947027,-0.320681897575501,2.8626715319807268,-0.6189294034103675,-0.2413622531737532,-1.1095691131088152,-0.6466611642514107,1.2220220333713983,2.4647209553960314,-0.320937230017753,0.47269780587461396,0
-0.8143105085150718,1.2633358753879178,1.1417984514369004,1.4556085834443853,-1.4891994977229803,0.03840130108947027,3.1183550040100445,3.1843369507774426,-0.6189294034103675,-0.2748906930419653,-1.1095691131088152,0.24091298276032877,0.12043115691196367,2.0383982539899326,-0.320937230017753,-0.38300078333961757,1
1.228032783002568,0.2014508558051004,-0.8758113121817133,-0.7771621660066818,-0.5647662765815692,0.03840130108947027,-0.320681897575501,0.6845519131302323,1.1514363901238018,-0.26203614984160833,-0.5062894030094418,0.11411667604436637,-0.9811597195474708,2.0383982539899326,-0.320937230017753,-1.4098390903966955,0
-0.8143105085150718,-0.8604341637777169,-0.8758113121817133,-0.21896947864391497,0.35966694455984194,-1.6677136473141376,3.1183550040100445,-0.8468924077754346,0.3467246657900884,-0.28164377103662286,0.4589581331495554,-1.914624231411039,0.12043115691196367,-0.5195379544466607,3.547724728723378,-1.067559654711003,0
-0.8143105085150718,-0.8604341637777169,1.1417984514369004,1.4556085834443853,0.35966694455984194,0.03840130108947027,-0.320681897575501,-0.8995278433057302,0.3467246657900884,-0.26108834942130554,0.941581901229054,0.6213019029082171,1.2220220333713983,-0.5195379544466607,-0.320937230017753,-0.5541405011824639,1
1.228032783002568,0.2014508558051004,1.1417984514369004,-0.7771621660066818,0.35966694455984194,0.03840130108947027,-0.320681897575501,-0.43978399000140056,0.5076670106568311,-0.26618277668043316,0.4589581331495554,-0.01267963067159714,-0.9811597195474708,-0.5195379544466607,-0.320937230017753,0.47269780587461396,0
-0.8143105085150718,1.2633358753879178,1.1417984514369004,1.4556085834443853,-1.4891994977229803,0.03840130108947027,-0.320681897575501,0.776644017806158,-1.2626987828773382,-0.24308014143555207,-1.2302250551286897,0.11411667604436637,-0.9811597195474708,1.612075552583834,-0.320937230017753,-1.4098390903966955,1
1.228032783002568,0.2014508558051004,-0.8758113121817133,-0.7771621660066818,0.35966694455984194,0.03840130108947027,-0.320681897575501,-0.5125658176484357,0.3467246657900884,-0.260732924263692,0.2176462491098061,-0.7607778402957778,-0.9811597195474708,-0.5195379544466607,-0.320937230017753,-1.4098390903966955,0
-0.8143105085150718,-0.8604341637777169,-0.8758113121817133,0.3392232087188518,0.35966694455984194,0.03840130108947027,-0.320681897575501,-0.7205593995018884,0.3467246657900884,-0.2585411357917417,-1.7128488232081884,1.1284871297720689,1.2220220333713983,-0.5195379544466607,-0.320937230017753,0.6438375237174603,0
1.228032783002568,0.2014508558051004,-0.8758113121817133,-0.7771621660066818,-1.4891994977229803,0.03840130108947027,-0.320681897575501,-0.7274473952255958,-0.2970447136768822,-0.28330242177215276,-0.8682572290690658,-1.0143704537277032,-0.9811597195474708,2.0383982539899326,-0.320937230017753,-0.5541405011824639,0
1.228032783002568,0.2014508558051004,-0.8758113121817133,-0.7771621660066818,0.35966694455984194,0.03840130108947027,-0.320681897575501,-0.6742147346325509,0.3467246657900884,-0.26102911189503664,-0.3856334609895672,0.887574147011739,0.12043115691196367,-0.5195379544466607,-0.320937230017753,0.8149772415603066,0
1.228032783002568,0.2014508558051004,1.1417984514369004,-0.7771621660066818,-1.4891994977229803,0.03840130108947027,-0.320681897575501,0.748733699873679,-1.2626987828773382,-0.26333937541952473,-1.2302250551286897,-1.001690823056107,-0.9811597195474708,2.4647209553960314,-0.320937230017753,0.9861169594031529,0
-0.8143105085150718,-0.8604341637777169,-0.8758113121817133,-0.7771621660066818,-3.3380659400058024,0.03840130108947027,-0.320681897575501,-0.6808638403311587,-2.389295196944537,-0.250307119640361,-1.5921928811883137,1.1284871297720689,-0.9811597195474708,1.612075552583834,-0.320937230017753,-1.4098390903966955,0
-0.8143105085150718,-0.8604341637777169,-0.8758113121817133,1.4556085834443853,0.35966694455984194,0.03840130108947027,-0.320681897575501,-0.20475602030750106,0.5076670106568311,-0.27868189472317656,0.941581901229054,0.7227389482809874,0.12043115691196367,-0.5195379544466607,-0.320937230017753,1.6706758307745382,1
-0.8143105085150718,-0.8604341637777169,1.1417984514369004,-0.7771621660066818,0.35966694455984194,1.7445162494930782,-0.320681897575501,-0.33303996378602796,0.5076670106568311,-0.2671898146270049,0.2176462491098061,0.24091298276032877,-0.9811597195474708,-0.5195379544466607,-0.320937230017753,-1.067559654711003,0
-0.8143105085150718,1.2633358753879178,1.1417984514369004,-0.7771621660066818,1.284100165701253,-1.6677136473141376,3.1183550040100445,0.15811792781890932,0.6686093555235738,-0.27660858130376414,0.09699030708993145,-2.168216844842965,0.12043115691196367,-0.5195379544466607,1.2265275534786995,0.9861169594031529,0
1.228032783002568,0.2014508558051004,-0.8758113121817133,1.4556085834443853,-3.3380659400058024,0.03840130108947027,3.1183550040100445,-0.5582336274466574,-2.389295196944537,-0.279096557407059,-1.5921928811883137,-0.39306855081948544,0.12043115691196367,1.1857528511777349,-0.320937230017753,1.1572566772459991,1
-0.8143105085150718,-0.8604341637777169,-0.8758113121817133,-0.7771621660066818,0.35966694455984194,0.03840130108947027,-0.320681897575501,-0.40140232596871905,0.3467246657900884,-0.2621546248941462,0.5796140751694301,-0.4818259655206592,-0.9811597195474708,-0.5195379544466607,-0.320937230017753,0.9861169594031529,0
1.228032783002568,0.2014508558051004,-0.8758113121817133,-0.7771621660066818,-1.4891994977229803,0.03840130108947027,-0.320681897575501,-0.09665828394989691,-0.45798705854362487,-0.24852999385229324,-0.9889131710889405,0.24091298276032877,-0.9811597195474708,1.612075552583834,-0.320937230017753,1.4995361129316918,0
1.228032783002568,0.2014508558051004,1.1417984514369004,-0.21896947864391497,-1.4891994977229803,0.03840130108947027,-0.320681897575501,0.738341983781843,1.7952057695907724,-0.29680857776146785,-0.8682572290690658,-1.0650889764140883,0.12043115691196367,1.612075552583834,-0.320937230017753,0.47269780587461396,0
1.228032783002568,0.2014508558051004,-0.8758113121817133,-0.7771621660066818,0.35966694455984194,-3.3738285957177454,-0.320681897575501,-0.19906247470929206,0.3467246657900884,-0.2643464133660965,-0.2649775189696925,-2.168216844842965,-2.0827505960069055,-0.09321525304056184,4.321457120471604,1.6706758307745382,0
1.228032783002568,0.2014508558051004,-0.8758113121817133,-0.7771621660066818,0.35966694455984194,0.03840130108947027,-0.320681897575501,-0.13165567262699968,0.1857823209233458,-0.24313937896182097,-1.4715369391684392,0.9129334083549322,1.2220220333713983,-0.5195379544466607,-0.320937230017753,0.8149772415603066,0
-0.8143105085150718,1.2633358753879178,-0.8758113121817133,1.4556085834443853,0.35966694455984194,1.7445162494930782,-0.320681897575501,-0.26260722138580633,0.3467246657900884,-0.24858923137856218,-0.02366563492994321,-0.01267963067159714,0.12043115691196367,-0.5195379544466607,-0.320937230017753,0.9861169594031529,1
-0.8143105085150718,1.2633358753879178,-0.8758113121817133,-0.7771621660066818,0.35966694455984194,0.03840130108947027,-0.320681897575501,-0.8384914418927626,0.3467246657900884,-0.26689362699566027,0.7002700171893047,-0.01267963067159714,0.12043115691196367,-0.5195379544466607,-0.320937230017753,-0.21186106549677128,0
1.228032783002568,0.2014508558051004,1.1417984514369004,-0.7771621660066818,1.284100165701253,-3.3738285957177454,-0.320681897575501,-0.4279191187547833,-2.228352852077794,4.892043298238829,0.8209259592091794,-2.916315054467146,-2.0827505960069055,-0.5195379544466607,2.0002599452269254,-0.8964199368681566,0
-0.8143105085150718,-0.8604341637777169,1.1417984514369004,-0.7771621660066818,-3.3380659400058024,0.03840130108947027,-0.320681897575501,-0.2395941489678707,-2.5502375418112795,-0.22821152234205164,-1.5921928811883137,-0.26627224410352246,1.2220220333713983,1.612075552583834,-0.320937230017753,-0.21186106549677128,0
1.228032783002568,0.2014508558051004,1.1417984514369004,-0.7771621660066818,0.35966694455984194,0.03840130108947027,-0.320681897575501,-0.3052092758619155,0.3467246657900884,-0.25202500790215987,0.4589581331495554,0.7480982096241806,-0.9811597195474708,-0.5195379544466607,-0.320937230017753,-1.067559654711003,0
1.228032783002568,0.2014508558051004,-0.8758113121817133,-0.7771621660066818,1.284100165701253,0.03840130108947027,-0.320681897575501,-0.3543808060282658,-2.228352852077794,3.1127257216991016,0.33830219112968074,-0.01267963067159714,0.12043115691196367,-0.5195379544466607,-0.320937230017753,1.3283963950888455,0
1.228032783002568,0.2014508558051004,-0.8758113121817133,-0.7771621660066818,0.35966694455984194,0.03840130108947027,-0.320681897575501,-0.21255976112742386,0.1857823209233458,-0.283124709193346,-1.4715369391684392,-0.4818259655206592,0.12043115691196367,-0.5195379544466607,-0.320937230017753,0.30155808803176765,0
1.228032783002568,0.2014508558051004,1.1417984514369004,-0.7771621660066818,0.35966694455984194,0.03840130108947027,-0.320681897575501,-0.23871821887583855,0.3467246657900884,-0.22560507118621892,0.941581901229054,0.3169907667899071,1.2220220333713983,-0.5195379544466607,-0.320937230017753,-0.04072134765392497,0
-0.8143105085150718,-0.8604341637777169,-0.8758113121817133,-0.7771621660066818,0.35966694455984194,0.03840130108947027,-0.320681897575501,-0.38949763971791845,0.3467246657900884,-0.22732295944801775,0.2176462491098061,-0.9002537776833367,1.2220220333713983,-0.5195379544466607,-0.320937230017753,0.47269780587461396,0
-0.8143105085150718,-0.8604341637777169,1.1417984514369004,-0.7771621660066818,-0.5647662765815692,1.7445162494930782,-0.320681897575501,0.9542985664719517,1.1514363901238018,-0.26156224963145697,-0.5062894030094418,0.4945055961922547,1.2220220333713983,1.612075552583834,-0.320937230017753,-1.5809788082395417,0
1.228032783002568,0.2014508558051004,1.1417984514369004,-0.7771621660066818,-1.4891994977229803,0.03840130108947027,-0.320681897575501,0.8392730193864568,-2.0674105072110516,-0.2619176747890705,-0.14432157694981787,-0.9002537776833367,-0.9811597195474708,2.0383982539899326,-0.320937230017753,0.6438375237174603,0
1.228032783002568,0.2014508558051004,-0.8758113121817133,1.4556085834443853,0.35966694455984194,0.03840130108947027,3.1183550040100445,-0.32913809337606653,0.3467246657900884,-0.28164377103662286,2.992732915566923,0.4945055961922547,1.2220220333713983,-0.5195379544466607,-0.320937230017753,0.13041837018892133,1
1.228032783002568,0.2014508558051004,-0.8758113121817133,1.4556085834443853,0.35966694455984194,0.03840130108947027,-0.320681897575501,0.12666407451411843,0.5076670106568311,-0.2622138624204151,0.2176462491098061,-0.22823335208873333,-0.9811597195474708,-0.5195379544466607,-0.320937230017753,-1.238699372553849,1
-0.8143105085150718,-0.8604341637777169,-0.8758113121817133,-0.7771621660066818,1.284100165701253,0.03840130108947027,-0.320681897575501,-0.4240570633490051,-2.228352852077794,5.402493062098164,0.8209259592091794,-0.5325444882070444,-0.9811597195474708,-0.5195379544466607,-0.320937230017753,1.3283963950888455,0
-0.8143105085150718,-0.8604341637777169,-0.8758113121817133,1.4556085834443853,0.35966694455984194,0.03840130108947027,-0.320681897575501,-0.8204950600019202,0.3467246657900884,-0.2659458265753575,-0.3856334609895672,-0.1648351987307521,0.12043115691196367,-0.5195379544466607,-0.320937230017753,-1.5809788082395417,1
-0.8143105085150718,3.3871059145535525,1.1417984514369004,1.4556085834443853,0.35966694455984194,0.03840130108947027,-0.320681897575501,-0.0734461365110449,0.5076670106568311,-0.24189539091017354,2.992732915566923,-0.01267963067159714,0.12043115691196367,-0.5195379544466607,-0.320937230017753,0.8149772415603066,1
-0.8143105085150718,1.2633358753879178,-0.8758113121817133,-0.7771621660066818,0.35966694455984194,0.03840130108947027,-0.320681897575501,-0.504921336845246,0.3467246657900884,-0.2643464133660965,-0.2649775189696925,0.1267963067159624,1.2220220333713983,-0.5195379544466607,-0.320937230017753,-1.067559654711003,0
-0.8143105085150718,2.325220894970735,1.1417984514369004,-0.7771621660066818,1.284100165701253,1.7445162494930782,-0.320681897575501,-0.18409203313637892,-2.228352852077794,3.093769713293045,0.8209259592091794,-0.01267963067159714,-0.9811597195474708,-0.5195379544466607,-0.320937230017753,-0.7252802190253103,0
-0.8143105085150718,-0.8604341637777169,-0.8758113121817133,-0.7771621660066818,0.35966694455984194,-1.6677136473141376,-0.320681897575501,-0.23871821887583855,0.3467246657900884,-0.26861151525745913,-0.02366563492994321,-2.11749832215658,1.2220220333713983,-0.5195379544466607,2.773992336975152,1.3283963950888455,0
1.228032783002568,0.2014508558051004,1.1417984514369004,1.4556085834443853,-1.4891994977229803,0.03840130108947027,-0.320681897575501,0.24925447239443632,-0.2970447136768822,-0.3042132685450836,-0.8682572290690658,1.1284871297720689,-0.9811597195474708,1.612075552583834,-0.320937230017753,0.13041837018892133,1
-0.8143105085150718,-0.8604341637777169,1.1417984514369004,1.4556085834443853,-0.5647662765815692,0.03840130108947027,3.1183550040100445,1.2500046025411693,1.1514363901238018,-0.24313937896182097,-0.5062894030094418,0.6213019029082171,-0.9811597195474708,1.1857528511777349,-0.320937230017753,-0.21186106549677128,1
-0.8143105085150718,-0.8604341637777169,-0.8758113121817133,1.4556085834443853,0.35966694455984194,0.03840130108947027,-0.320681897575501,0.23062105043666148,0.5076670106568311,-0.2830062341408081,-0.3856334609895672,0.3677092894762923,-0.9811597195474708,-0.5195379544466607,-0.320937230017753,-0.8964199368681566,1
1.228032783002568,0.2014508558051004,1.1417984514369004,-0.7771621660066818,-1.4891994977229803,0.03840130108947027,-0.320681897575501,0.2790360955235295,-0.2970447136768822,-0.249537031798865,-0.8682572290690658,1.1284871297720689,0.12043115691196367,2.4647209553960314,-0.320937230017753,-0.38300078333961757,0
1.228032783002568,0.2014508558051004,-0.8758113121817133,-0.7771621660066818,1.284100165701253,0.03840130108947027,-0.320681897575501,-0.444402530486661,-2.228352852077794,4.647214602169358,0.33830219112968074,-1.6483519873075172,-0.9811597195474708,-0.5195379544466607,-0.320937230017753,0.9861169594031529,0
-0.8143105085150718,1.2633358753879178,1.1417984514369004,1.4556085834443853,0.35966694455984194,1.7445162494930782,-0.320681897575501,-0.41796536770896336,0.3467246657900884,-0.25972588631712024,0.7002700171893047,0.4945055961922547,1.2220220333713983,-0.5195379544466607,-0.320937230017753,0.8149772415603066,1
-0.8143105085150718,1.2633358753879178,1.1417984514369004,-0.7771621660066818,0.35966694455984194,0.03840130108947027,-0.320681897575501,0.7945209546844506,0.02483997605660312,-0.2598443613696581,-1.4715369391684392,-0.22823335208873333,-0.9811597195474708,-0.5195379544466607,-0.320937230017753,1.4995361129316918,0
-0.8143105085150718,-0.8604341637777169,1.1417984514369004,-0.7771621660066818,1.284100165701253,0.03840130108947027,-0.320681897575501,-0.5233954987862878,-2.228352852077794,-0.14764848661631239,0.33830219112968074,0.4945055961922547,0.12043115691196367,-0.5195379544466607,-0.320937230017753,0.13041837018892133,0
1.228032783002568,0.2014508558051004,1.1417984514369004,0.8974158960816185,-1.4891994977229803,0.03840130108947027,-0.320681897575501,1.7908118043626562,-1.4236411277440808,-0.27222500435986363,-1.2302250551286897,0.27895187477511796,-0.9811597195474708,2.4647209553960314,-0.320937230017753,-0.21186106549677128,1
1.228032783002568,0.2014508558051004,-0.8758113121817133,0.8974158960816185,0.35966694455984194,1.7445162494930782,-0.320681897575501,-0.7663466543126599,0.3467246657900884,-0.22560507118621892,0.4589581331495554,0.24091298276032877,1.2220220333713983,-0.5195379544466607,-0.320937230017753,1.3283963950888455,1
-0.8143105085150718,-0.8604341637777169,-0.8758113121817133,-0.21896947864391497,0.35966694455984194,0.03840130108947027,-0.320681897575501,-0.27682117787923716,0.3467246657900884,-0.26251005005175976,0.941581901229054,-1.141166760443666,-0.9811597195474708,-0.5195379544466607,-0.320937230017753,-0.5541405011824639,0
-0.8143105085150718,-0.8604341637777169,1.1417984514369004,-0.7771621660066818,0.35966694455984194,0.03840130108947027,-0.320681897575501,-0.09872866416742745,0.5076670106568311,-0.24266547875166958,0.5796140751694301,-1.267963067159629,1.2220220333713983,-0.5195379544466607,-0.320937230017753,-1.067559654711003,0
1.228032783002568,0.2014508558051004,-0.8758113121817133,1.4556085834443853,0.35966694455984194,0.03840130108947027,3.1183550040100445,0.45752675927717196,0.1857823209233458,-0.24153996575255998,-1.4715369391684392,0.4945055961922547,-0.9811597195474708,-0.5195379544466607,-0.320937230017753,-0.8964199368681566,1
-0.8143105085150718,-0.8604341637777169,-0.8758113121817133,1.4556085834443853,0.35966694455984194,-1.6677136473141376,-0.320681897575501,-0.7463993372168368,0.3467246657900884,-0.2765493437774952,0.2176462491098061,-2.041420538127002,-0.9811597195474708,-0.5195379544466607,4.321457120471604,0.47269780587461396,1
-0.8143105085150718,-0.8604341637777169,1.1417984514369004,-0.7771621660066818,-1.4891994977229803,0.03840130108947027,-0.320681897575501,0.6323544426459528,0.8295517003903164,-0.2765493437774952,-0.14432157694981787,-0.8748945163401441,0.12043115691196367,2.4647209553960314,-0.320937230017753,1.1572566772459991,0
-0.8143105085150718,3.3871059145535525,-0.8758113121817133,-0.7771621660066818,-1.4891994977229803,0.03840130108947027,-0.320681897575501,1.5211447810293035,1.7952057695907724,-0.24302090390928313,-0.8682572290690658,0.11411667604436637,0.12043115691196367,2.8910436568021303,-0.320937230017753,-0.5541405011824639,0
-0.8143105085150718,-0.8604341637777169,1.1417984514369004,1.4556085834443853,0.35966694455984194,0.03840130108947027,-0.320681897575501,-0.42401724834482185,0.3467246657900884,-0.2680783775210388,2.992732915566923,1.1284871297720689,1.2220220333713983,-0.5195379544466607,-0.320937230017753,0.13041837018892133,1
1.228032783002568,0.2014508558051004,1.1417984514369004,1.4556085834443853,0.35966694455984194,0.03840130108947027,-0.320681897575501,-0.5526595268609983,0.3467246657900884,-0.25066254479797456,-0.3856334609895672,1.1284871297720689,-0.9811597195474708,-0.5195379544466607,-0.320937230017753,-0.5541405011824639,1
-0.8143105085150718,1.2633358753879178,-0.8758113121817133,1.4556085834443853,0.35966694455984194,0.03840130108947027,-0.320681897575501,-0.43632008463745525,0.3467246657900884,-0.2772009565664534,0.5796140751694301,-0.6466611642514107,1.2220220333713983,-0.5195379544466607,-0.320937230017753,-0.21186106549677128,1
-0.8143105085150718,-0.8604341637777169,-0.8758113121817133,1.4556085834443853,0.35966694455984194,0.03840130108947027,3.1183550040100445,-0.3699882876681114,0.3467246657900884,-0.26339861294579364,0.5796140751694301,0.24091298276032877,0.12043115691196367,-0.5195379544466607,-0.320937230017753,0.9861169594031529,1
-0.8143105085150718,-0.8604341637777169,1.1417984514369004,1.4556085834443853,0.35966694455984194,1.7445162494930782,-0.320681897575501,0.05917764242345948,0.5076670106568311,-0.2671898146270049,-0.2649775189696925,1.1284871297720689,-0.9811597195474708,-0.5195379544466607,-0.320937230017753,-0.5541405011824639,1
-0.8143105085150718,-0.8604341637777169,-0.8758113121817133,-0.7771621660066818,0.35966694455984194,0.03840130108947027,-0.320681897575501,-0.34140111466451667,0.5076670106568311,-0.25196577037589096,-0.02366563492994321,-0.9002537776833367,0.12043115691196367,-0.5195379544466607,-0.320937230017753,0.6438375237174603,0
-0.8143105085150718,-0.8604341637777169,1.1417984514369004,-0.7771621660066818,0.35966694455984194,0.03840130108947027,-0.320681897575501,-0.12452878687819263,0.5076670106568311,-0.2811106333002025,0.7002700171893047,-0.05071852268638518,0.12043115691196367,-0.5195379544466607,-0.320937230017753,0.47269780587461396,0
-0.8143105085150718,-0.8604341637777169,-0.8758113121817133,1.4556085834443853,0.35966694455984194,-3.3738285957177454,-0.320681897575501,-0.8165135595835923,0.3467246657900884,-0.2427247162779385,-0.2649775189696925,-1.153846391115262,-2.0827505960069055,-0.5195379544466607,3.547724728723378,-1.067559654711003,1
-0.8143105085150718,-0.8604341637777169,-0.8758113121817133,-0.7771621660066818,-1.4891994977229803,1.7445162494930782,-0.320681897575501,6.029158814676954,-1.745525817477566,-0.2658865890490885,-1.4715369391684392,0.6213019029082171,1.2220220333713983,2.0383982539899326,-0.320937230017753,0.9861169594031529,0
-0.8143105085150718,-0.8604341637777169,-0.8758113121817133,-0.7771621660066818,-1.4891994977229803,0.03840130108947027,-0.320681897575501,0.807102496006367,-1.2626987828773382,-0.26108834942130554,-1.2302250551286897,1.1284871297720689,-0.9811597195474708,1.612075552583834,-0.320937230017753,0.13041837018892133,0
-0.8143105085150718,3.3871059145535525,-0.8758113121817133,-0.7771621660066818,0.35966694455984194,0.03840130108947027,-0.320681897575501,-0.9545521790870226,0.3467246657900884,-0.2858496354017166,-0.02366563492994321,0.4945055961922547,1.2220220333713983,-0.5195379544466607,-0.320937230017753,-1.4098390903966955,0
